round,alive_nodes,dead_nodes,residual_energy,energy_consumed_round,throughput_round,cumulative_throughput
1,54,0,26.990353,0.009647,2,2
2,54,0,26.956945,0.033408,30,32
3,54,0,26.924782,0.032163,26,58
4,54,0,26.895343,0.029439,23,81
5,54,0,26.874578,0.020765,19,100
6,54,0,26.852441,0.022138,20,120
7,54,0,26.833107,0.019334,19,139
8,54,0,26.814184,0.018923,18,157
9,54,0,26.792982,0.021202,19,176
10,54,0,26.77504,0.017942,14,190
11,54,0,26.758377,0.016664,15,205
12,54,0,26.740102,0.018274,14,219
13,54,0,26.724074,0.016028,14,233
14,54,0,26.708465,0.015609,14,247
15,54,0,26.678581,0.029884,22,269
16,54,0,26.648064,0.030517,23,292
17,54,0,26.62955,0.018515,17,309
18,54,0,26.595604,0.033946,29,338
19,54,0,26.562299,0.033305,27,365
20,54,0,26.527049,0.03525,30,395
21,54,0,26.489541,0.037508,35,430
22,54,0,26.457523,0.032018,29,459
23,54,0,26.421302,0.036221,33,492
24,54,0,26.384095,0.037207,33,525
25,54,0,26.344004,0.040091,35,560
26,54,0,26.304731,0.039273,36,596
27,54,0,26.267681,0.03705,31,627
28,54,0,26.229734,0.037947,37,664
29,54,0,26.190794,0.03894,37,701
30,54,0,26.153362,0.037431,35,736
31,54,0,26.120947,0.032415,28,764
32,54,0,26.086512,0.034435,29,793
33,54,0,26.050506,0.036006,31,824
34,54,0,26.012285,0.038221,35,859
35,54,0,25.97212,0.040164,35,894
36,54,0,25.936748,0.035372,32,926
37,54,0,25.895895,0.040853,37,963
38,54,0,25.859993,0.035902,31,994
39,54,0,25.824614,0.035379,30,1024
40,54,0,25.788227,0.036386,32,1056
41,54,0,25.753062,0.035165,31,1087
42,54,0,25.715468,0.037594,33,1120
43,54,0,25.678967,0.036502,32,1152
44,54,0,25.642354,0.036612,31,1183
45,54,0,25.606623,0.035731,32,1215
46,54,0,25.572636,0.033987,31,1246
47,54,0,25.537105,0.035531,31,1277
48,54,0,25.504365,0.03274,26,1303
49,54,0,25.468314,0.036051,33,1336
50,54,0,25.430278,0.038036,33,1369
51,54,0,25.392217,0.038061,32,1401
52,54,0,25.351981,0.040237,35,1436
53,54,0,25.314318,0.037662,33,1469
54,54,0,25.280208,0.034111,30,1499
55,54,0,25.247864,0.032344,28,1527
56,54,0,25.210678,0.037186,31,1558
57,54,0,25.174958,0.035721,35,1593
58,54,0,25.135106,0.039852,39,1632
59,54,0,25.099865,0.035241,29,1661
60,54,0,25.065322,0.034543,29,1690
61,54,0,25.027021,0.0383,37,1727
62,54,0,24.991621,0.035401,30,1757
63,54,0,24.956169,0.035451,31,1788
64,54,0,24.921877,0.034293,31,1819
65,54,0,24.886075,0.035802,32,1851
66,54,0,24.848107,0.037968,33,1884
67,54,0,24.812814,0.035293,29,1913
68,54,0,24.781823,0.030991,28,1941
69,54,0,24.74286,0.038963,36,1977
70,54,0,24.702797,0.040063,36,2013
71,54,0,24.671844,0.030953,28,2041
72,54,0,24.636658,0.035187,33,2074
73,54,0,24.599611,0.037046,34,2108
74,54,0,24.559528,0.040083,36,2144
75,54,0,24.520371,0.039157,33,2177
76,54,0,24.485545,0.034826,30,2207
77,54,0,24.447026,0.038519,33,2240
78,54,0,24.40905,0.037976,32,2272
79,54,0,24.369302,0.039748,35,2307
80,54,0,24.331332,0.03797,34,2341
81,54,0,24.292843,0.038489,35,2376
82,54,0,24.256741,0.036102,30,2406
83,54,0,24.223541,0.033199,31,2437
84,54,0,24.184882,0.038659,34,2471
85,54,0,24.146421,0.038462,33,2504
86,54,0,24.115187,0.031233,26,2530
87,54,0,24.081654,0.033534,28,2558
88,54,0,24.04848,0.033174,30,2588
89,54,0,24.009613,0.038867,35,2623
90,54,0,23.970411,0.039202,35,2658
91,54,0,23.931294,0.039116,35,2693
92,54,0,23.89792,0.033374,28,2721
93,54,0,23.857096,0.040824,37,2758
94,54,0,23.823522,0.033574,31,2789
95,54,0,23.792788,0.030733,28,2817
96,54,0,23.757234,0.035555,28,2845
97,54,0,23.72119,0.036044,31,2876
98,54,0,23.684918,0.036273,34,2910
99,54,0,23.650635,0.034283,29,2939
100,54,0,23.61586,0.034775,31,2970
101,54,0,23.582505,0.033355,27,2997
102,54,0,23.547579,0.034926,33,3030
103,54,0,23.51203,0.035549,30,3060
104,54,0,23.472875,0.039156,35,3095
105,54,0,23.435658,0.037217,33,3128
106,54,0,23.402566,0.033092,29,3157
107,54,0,23.365242,0.037324,33,3190
108,54,0,23.330186,0.035056,32,3222
109,54,0,23.296377,0.033809,30,3252
110,54,0,23.259434,0.036943,31,3283
111,54,0,23.228651,0.030784,28,3311
112,54,0,23.189483,0.039167,34,3345
113,54,0,23.15266,0.036823,36,3381
114,54,0,23.116664,0.035996,30,3411
115,54,0,23.083069,0.033595,32,3443
116,54,0,23.047186,0.035883,32,3475
117,54,0,23.010947,0.036238,32,3507
118,54,0,22.978974,0.031973,29,3536
119,54,0,22.944495,0.034479,28,3564
120,54,0,22.91014,0.034355,32,3596
121,54,0,22.872897,0.037243,32,3628
122,54,0,22.836713,0.036184,32,3660
123,54,0,22.802989,0.033724,28,3688
124,54,0,22.764219,0.03877,34,3722
125,54,0,22.728459,0.035759,30,3752
126,54,0,22.688743,0.039716,35,3787
127,54,0,22.654377,0.034366,30,3817
128,54,0,22.616196,0.038181,33,3850
129,54,0,22.584554,0.031642,29,3879
130,54,0,22.551655,0.032899,29,3908
131,54,0,22.517781,0.033874,33,3941
132,54,0,22.48465,0.033131,28,3969
133,54,0,22.450071,0.034579,28,3997
134,54,0,22.41204,0.038031,37,4034
135,54,0,22.38213,0.02991,28,4062
136,54,0,22.345362,0.036768,32,4094
137,54,0,22.307451,0.037911,34,4128
138,54,0,22.271566,0.035885,30,4158
139,54,0,22.236036,0.03553,29,4187
140,54,0,22.202549,0.033487,29,4216
141,54,0,22.167952,0.034597,29,4245
142,54,0,22.132654,0.035298,30,4275
143,54,0,22.1005,0.032153,31,4306
144,54,0,22.067582,0.032918,27,4333
145,54,0,22.037967,0.029615,26,4359
146,54,0,22.002964,0.035003,31,4390
147,54,0,21.96303,0.039934,34,4424
148,54,0,21.929929,0.033101,31,4455
149,54,0,21.897498,0.032431,27,4482
150,54,0,21.862231,0.035267,30,4512
151,54,0,21.822875,0.039356,34,4546
152,54,0,21.78711,0.035765,31,4577
153,54,0,21.751417,0.035693,30,4607
154,54,0,21.714793,0.036625,32,4639
155,54,0,21.682808,0.031985,30,4669
156,54,0,21.650692,0.032116,25,4694
157,54,0,21.613607,0.037086,32,4726
158,54,0,21.574318,0.039289,35,4761
159,54,0,21.535906,0.038412,35,4796
160,54,0,21.498515,0.03739,32,4828
161,54,0,21.464543,0.033972,31,4859
162,54,0,21.433681,0.030862,28,4887
163,54,0,21.39674,0.036941,34,4921
164,54,0,21.358955,0.037786,37,4958
165,54,0,21.323816,0.035139,28,4986
166,54,0,21.286476,0.037339,33,5019
167,54,0,21.255482,0.030994,26,5045
168,54,0,21.222225,0.033257,32,5077
169,54,0,21.1867,0.035525,31,5108
170,54,0,21.152866,0.033834,29,5137
171,54,0,21.116956,0.035911,33,5170
172,54,0,21.082763,0.034193,30,5200
173,54,0,21.045995,0.036768,31,5231
174,54,0,21.016288,0.029707,26,5257
175,54,0,20.980985,0.035303,29,5286
176,54,0,20.947068,0.033917,31,5317
177,54,0,20.907297,0.03977,36,5353
178,54,0,20.875074,0.032223,26,5379
179,54,0,20.837768,0.037306,32,5411
180,54,0,20.801333,0.036436,34,5445
181,54,0,20.766968,0.034365,30,5475
182,54,0,20.733209,0.033759,29,5504
183,54,0,20.702277,0.030932,30,5534
184,54,0,20.668612,0.033665,31,5565
185,54,0,20.630017,0.038595,34,5599
186,54,0,20.592552,0.037465,33,5632
187,54,0,20.562464,0.030089,29,5661
188,54,0,20.523171,0.039292,34,5695
189,54,0,20.493872,0.029299,24,5719
190,54,0,20.459546,0.034325,30,5749
191,54,0,20.428945,0.030601,25,5774
192,54,0,20.390882,0.038063,34,5808
193,54,0,20.355107,0.035775,31,5839
194,54,0,20.322866,0.032241,26,5865
195,54,0,20.28675,0.036116,30,5895
196,54,0,20.253274,0.033476,28,5923
197,54,0,20.223209,0.030065,25,5948
198,54,0,20.191301,0.031907,25,5973
199,54,0,20.155419,0.035882,29,6002
200,54,0,20.120046,0.035373,26,6028
201,54,0,20.082478,0.037568,31,6059
202,54,0,20.055225,0.027254,24,6083
203,54,0,20.022572,0.032653,30,6113
204,54,0,19.987853,0.034718,28,6141
205,54,0,19.951668,0.036185,31,6172
206,54,0,19.914686,0.036982,32,6204
207,54,0,19.881902,0.032785,29,6233
208,54,0,19.849295,0.032607,25,6258
209,54,0,19.812469,0.036825,32,6290
210,54,0,19.776456,0.036013,30,6320
211,54,0,19.744487,0.031969,28,6348
212,54,0,19.712854,0.031633,29,6377
213,54,0,19.680348,0.032506,27,6404
214,54,0,19.647197,0.033151,32,6436
215,54,0,19.618736,0.028461,24,6460
216,54,0,19.587353,0.031383,27,6487
217,54,0,19.556568,0.030785,29,6516
218,54,0,19.522629,0.033939,27,6543
219,54,0,19.487303,0.035326,34,6577
220,54,0,19.45594,0.031363,29,6606
221,54,0,19.425593,0.030347,25,6631
222,54,0,19.395757,0.029836,27,6658
223,54,0,19.360842,0.034915,29,6687
224,54,0,19.327939,0.032903,26,6713
225,54,0,19.293203,0.034737,29,6742
226,54,0,19.258041,0.035161,29,6771
227,54,0,19.228075,0.029967,27,6798
228,54,0,19.198247,0.029827,27,6825
229,54,0,19.163738,0.034509,32,6857
230,54,0,19.130955,0.032784,31,6888
231,54,0,19.098512,0.032442,28,6916
232,54,0,19.061971,0.036541,32,6948
233,54,0,19.030028,0.031943,27,6975
234,54,0,18.993198,0.03683,30,7005
235,54,0,18.960334,0.032864,28,7033
236,54,0,18.923435,0.036898,34,7067
237,54,0,18.886316,0.03712,31,7098
238,54,0,18.858668,0.027647,25,7123
239,54,0,18.826436,0.032232,28,7151
240,54,0,18.793154,0.033281,32,7183
241,54,0,18.761123,0.032031,30,7213
242,54,0,18.730191,0.030932,29,7242
243,54,0,18.696842,0.033349,29,7271
244,54,0,18.65915,0.037693,33,7304
245,54,0,18.625693,0.033456,27,7331
246,54,0,18.587421,0.038272,31,7362
247,54,0,18.555606,0.031815,29,7391
248,54,0,18.522393,0.033213,29,7420
249,54,0,18.485966,0.036427,32,7452
250,54,0,18.451247,0.034719,30,7482
251,54,0,18.418371,0.032876,32,7514
252,54,0,18.386653,0.031718,26,7540
253,54,0,18.357296,0.029358,27,7567
254,54,0,18.326793,0.030502,26,7593
255,54,0,18.295989,0.030804,24,7617
256,54,0,18.263251,0.032739,31,7648
257,54,0,18.228544,0.034706,29,7677
258,54,0,18.19507,0.033474,28,7705
259,54,0,18.162497,0.032573,30,7735
260,54,0,18.132689,0.029808,26,7761
261,54,0,18.104936,0.027753,25,7786
262,54,0,18.068666,0.03627,30,7816
263,54,0,18.031838,0.036828,32,7848
264,54,0,17.998936,0.032902,28,7876
265,54,0,17.966186,0.03275,28,7904
266,54,0,17.934268,0.031917,26,7930
267,54,0,17.899598,0.03467,30,7960
268,54,0,17.86667,0.032928,26,7986
269,54,0,17.833214,0.033456,32,8018
270,54,0,17.799053,0.034161,27,8045
271,54,0,17.763217,0.035835,32,8077
272,54,0,17.727579,0.035639,32,8109
273,54,0,17.698396,0.029183,27,8136
274,54,0,17.671179,0.027217,23,8159
275,54,0,17.636874,0.034305,32,8191
276,54,0,17.602427,0.034447,29,8220
277,54,0,17.569088,0.033339,26,8246
278,54,0,17.53665,0.032438,29,8275
279,54,0,17.500494,0.036156,31,8306
280,54,0,17.467201,0.033293,28,8334
281,54,0,17.430668,0.036533,31,8365
282,54,0,17.396852,0.033816,30,8395
283,54,0,17.35866,0.038192,32,8427
284,54,0,17.322516,0.036144,31,8458
285,54,0,17.291712,0.030804,28,8486
286,54,0,17.257497,0.034216,30,8516
287,54,0,17.228428,0.029069,26,8542
288,54,0,17.194055,0.034373,29,8571
289,54,0,17.164974,0.029081,27,8598
290,54,0,17.128264,0.036709,32,8630
291,54,0,17.093518,0.034746,29,8659
292,54,0,17.062794,0.030724,29,8688
293,54,0,17.031876,0.030918,29,8717
294,54,0,16.999479,0.032396,30,8747
295,54,0,16.962283,0.037196,32,8779
296,54,0,16.930358,0.031925,27,8806
297,54,0,16.900487,0.029872,27,8833
298,54,0,16.869091,0.031395,25,8858
299,54,0,16.832745,0.036346,30,8888
300,54,0,16.802741,0.030004,28,8916
301,54,0,16.773936,0.028805,25,8941
302,54,0,16.737587,0.036349,32,8973
303,54,0,16.706716,0.030871,26,8999
304,54,0,16.675837,0.030879,28,9027
305,54,0,16.636227,0.03961,35,9062
306,54,0,16.605958,0.030269,26,9088
307,54,0,16.57428,0.031678,25,9113
308,54,0,16.542585,0.031695,27,9140
309,54,0,16.51083,0.031755,27,9167
310,54,0,16.475484,0.035346,31,9198
311,54,0,16.440915,0.034569,28,9226
312,54,0,16.406628,0.034288,29,9255
313,54,0,16.370896,0.035732,30,9285
314,54,0,16.338425,0.032471,28,9313
315,54,0,16.305299,0.033125,31,9344
316,54,0,16.273168,0.032132,25,9369
317,54,0,16.237038,0.036129,31,9400
318,54,0,16.201054,0.035984,33,9433
319,54,0,16.172811,0.028244,24,9457
320,54,0,16.136424,0.036386,31,9488
321,54,0,16.106391,0.030033,25,9513
322,54,0,16.072799,0.033592,30,9543
323,54,0,16.038861,0.033938,29,9572
324,54,0,16.003705,0.035156,30,9602
325,54,0,15.965537,0.038169,31,9633
326,54,0,15.93156,0.033977,28,9661
327,54,0,15.894531,0.037028,32,9693
328,54,0,15.858995,0.035536,32,9725
329,54,0,15.828771,0.030224,28,9753
330,54,0,15.791611,0.03716,35,9788
331,54,0,15.754283,0.037328,32,9820
332,54,0,15.7152,0.039083,36,9856
333,54,0,15.676016,0.039184,35,9891
334,54,0,15.644356,0.03166,26,9917
335,54,0,15.609958,0.034398,33,9950
336,54,0,15.573845,0.036113,32,9982
337,54,0,15.539067,0.034778,29,10011
338,54,0,15.504876,0.03419,29,10040
339,54,0,15.464371,0.040506,37,10077
340,54,0,15.438075,0.026295,23,10100
341,54,0,15.402488,0.035587,30,10130
342,54,0,15.366007,0.036481,36,10166
343,54,0,15.33684,0.029167,27,10193
344,54,0,15.304341,0.032499,26,10219
345,54,0,15.26524,0.039101,34,10253
346,54,0,15.231965,0.033275,32,10285
347,54,0,15.199526,0.03244,32,10317
348,54,0,15.164534,0.034992,30,10347
349,54,0,15.129864,0.03467,29,10376
350,54,0,15.097446,0.032418,26,10402
351,54,0,15.062634,0.034812,30,10432
352,54,0,15.029198,0.033436,28,10460
353,54,0,14.991479,0.037719,35,10495
354,54,0,14.958074,0.033405,27,10522
355,54,0,14.924167,0.033907,27,10549
356,54,0,14.892592,0.031575,27,10576
357,54,0,14.857318,0.035274,29,10605
358,54,0,14.826448,0.03087,26,10631
359,54,0,14.792928,0.033519,29,10660
360,54,0,14.758728,0.0342,28,10688
361,54,0,14.726516,0.032213,26,10714
362,54,0,14.692111,0.034404,29,10743
363,54,0,14.657402,0.03471,30,10773
364,54,0,14.623816,0.033586,28,10801
365,54,0,14.584952,0.038864,36,10837
366,54,0,14.549864,0.035088,29,10866
367,54,0,14.515223,0.034641,29,10895
368,54,0,14.480988,0.034235,29,10924
369,54,0,14.441995,0.038993,36,10960
370,54,0,14.404465,0.03753,34,10994
371,54,0,14.369533,0.034932,33,11027
372,54,0,14.333459,0.036074,32,11059
373,54,0,14.299962,0.033497,28,11087
374,54,0,14.262859,0.037104,36,11123
375,54,0,14.232862,0.029997,27,11150
376,54,0,14.198785,0.034078,30,11180
377,54,0,14.161959,0.036826,33,11213
378,54,0,14.128834,0.033125,28,11241
379,54,0,14.090535,0.038299,33,11274
380,54,0,14.059334,0.0312,29,11303
381,54,0,14.024843,0.034492,29,11332
382,54,0,13.987986,0.036857,31,11363
383,54,0,13.954309,0.033677,29,11392
384,54,0,13.921895,0.032414,28,11420
385,54,0,13.890095,0.0318,26,11446
386,54,0,13.855744,0.034351,29,11475
387,54,0,13.817109,0.038635,33,11508
388,54,0,13.782454,0.034655,29,11537
389,54,0,13.746786,0.035667,30,11567
390,54,0,13.710834,0.035953,30,11597
391,54,0,13.673049,0.037785,35,11632
392,54,0,13.63686,0.036189,32,11664
393,54,0,13.602993,0.033867,29,11693
394,54,0,13.563761,0.039231,34,11727
395,54,0,13.528538,0.035223,33,11760
396,54,0,13.494845,0.033693,28,11788
397,54,0,13.459297,0.035548,33,11821
398,54,0,13.426567,0.03273,30,11851
399,54,0,13.39135,0.035217,27,11878
400,54,0,13.352117,0.039233,34,11912
401,54,0,13.323121,0.028996,21,11933
402,54,0,13.28418,0.038941,33,11966
403,54,0,13.245695,0.038485,33,11999
404,54,0,13.212769,0.032926,28,12027
405,54,0,13.172811,0.039958,34,12061
406,54,0,13.138494,0.034317,29,12090
407,54,0,13.105707,0.032787,31,12121
408,54,0,13.074784,0.030922,29,12150
409,54,0,13.038539,0.036245,32,12182
410,54,0,13.000141,0.038398,34,12216
411,54,0,12.95986,0.040281,36,12252
412,54,0,12.908777,0.051083,41,12293
413,54,0,12.87129,0.037487,32,12325
414,54,0,12.837266,0.034024,31,12356
415,54,0,12.796821,0.040446,38,12394
416,54,0,12.760594,0.036227,31,12425
417,54,0,12.727911,0.032683,30,12455
418,54,0,12.688942,0.038969,38,12493
419,54,0,12.647102,0.04184,37,12530
420,54,0,12.612577,0.034525,30,12560
421,54,0,12.576488,0.036089,33,12593
422,54,0,12.54439,0.032098,29,12622
423,54,0,12.507552,0.036837,32,12654
424,54,0,12.468471,0.039081,35,12689
425,54,0,12.433268,0.035203,29,12718
426,54,0,12.401566,0.031702,27,12745
427,54,0,12.363223,0.038343,34,12779
428,54,0,12.325171,0.038052,34,12813
429,54,0,12.290901,0.03427,30,12843
430,54,0,12.258629,0.032272,25,12868
431,54,0,12.224128,0.034501,29,12897
432,54,0,12.190438,0.03369,30,12927
433,54,0,12.159825,0.030613,25,12952
434,54,0,12.12371,0.036115,31,12983
435,54,0,12.08736,0.03635,30,13013
436,54,0,12.05128,0.03608,29,13042
437,54,0,12.017393,0.033887,28,13070
438,54,0,11.980405,0.036988,30,13100
439,54,0,11.949255,0.03115,26,13126
440,54,0,11.910946,0.038309,34,13160
441,54,0,11.880187,0.030759,28,13188
442,54,0,11.846208,0.033979,31,13219
443,54,0,11.813735,0.032473,27,13246
444,54,0,11.774495,0.03924,35,13281
445,54,0,11.739319,0.035175,34,13315
446,54,0,11.706626,0.032694,28,13343
447,54,0,11.676348,0.030278,28,13371
448,54,0,11.639141,0.037207,31,13402
449,54,0,11.602079,0.037061,33,13435
450,54,0,11.571297,0.030782,28,13463
451,54,0,11.534585,0.036712,33,13496
452,54,0,11.496923,0.037662,32,13528
453,54,0,11.465469,0.031454,29,13557
454,54,0,11.427001,0.038469,34,13591
455,54,0,11.393657,0.033343,27,13618
456,54,0,11.359565,0.034093,28,13646
457,54,0,11.328792,0.030773,26,13672
458,54,0,11.293924,0.034868,30,13702
459,54,0,11.259335,0.03459,33,13735
460,54,0,11.229201,0.030134,28,13763
461,54,0,11.194574,0.034627,29,13792
462,54,0,11.158849,0.035725,30,13822
463,54,0,11.123282,0.035567,29,13851
464,54,0,11.089962,0.03332,29,13880
465,54,0,11.060889,0.029074,23,13903
466,54,0,11.025737,0.035151,29,13932
467,54,0,10.987303,0.038434,33,13965
468,54,0,10.951266,0.036037,31,13996
469,54,0,10.917697,0.033569,30,14026
470,54,0,10.888301,0.029396,28,14054
471,54,0,10.845164,0.043137,40,14094
472,54,0,10.812116,0.033048,28,14122
473,54,0,10.774385,0.037731,34,14156
474,54,0,10.738809,0.035576,34,14190
475,54,0,10.704825,0.033984,29,14219
476,54,0,10.671059,0.033766,28,14247
477,54,0,10.641092,0.029967,28,14275
478,54,0,10.605685,0.035407,30,14305
479,54,0,10.575357,0.030328,26,14331
480,54,0,10.543628,0.031729,29,14360
481,54,0,10.511698,0.031929,28,14388
482,54,0,10.482296,0.029402,23,14411
483,54,0,10.4469,0.035397,29,14440
484,54,0,10.412982,0.033917,33,14473
485,54,0,10.379894,0.033089,32,14505
486,54,0,10.344961,0.034933,34,14539
487,54,0,10.307444,0.037517,31,14570
488,54,0,10.275799,0.031645,28,14598
489,54,0,10.237274,0.038525,34,14632
490,54,0,10.203074,0.0342,31,14663
491,54,0,10.172391,0.030683,29,14692
492,54,0,10.141154,0.031237,30,14722
493,54,0,10.108496,0.032658,28,14750
494,54,0,10.070413,0.038082,33,14783
495,54,0,10.037347,0.033066,28,14811
496,54,0,10.001003,0.036344,33,14844
497,54,0,9.962215,0.038788,34,14878
498,54,0,9.927026,0.035189,30,14908
499,54,0,9.888512,0.038514,34,14942
500,54,0,9.852063,0.036449,31,14973
501,54,0,9.820509,0.031554,30,15003
502,54,0,9.785697,0.034812,29,15032
503,54,0,9.754812,0.030885,29,15061
504,54,0,9.719456,0.035356,30,15091
505,54,0,9.68554,0.033916,32,15123
506,54,0,9.647754,0.037786,33,15156
507,54,0,9.610495,0.037259,36,15192
508,54,0,9.572879,0.037616,34,15226
509,54,0,9.534777,0.038101,36,15262
510,54,0,9.495505,0.039272,35,15297
511,54,0,9.45985,0.035655,33,15330
512,54,0,9.425462,0.034388,31,15361
513,54,0,9.390972,0.034491,34,15395
514,54,0,9.353274,0.037698,36,15431
515,54,0,9.316423,0.036851,32,15463
516,54,0,9.284083,0.03234,26,15489
517,54,0,9.249686,0.034397,30,15519
518,54,0,9.217431,0.032254,29,15548
519,54,0,9.185483,0.031949,31,15579
520,54,0,9.147218,0.038264,34,15613
521,54,0,9.113657,0.033562,31,15644
522,54,0,9.078994,0.034663,29,15673
523,54,0,9.042745,0.036249,31,15704
524,54,0,9.013335,0.02941,24,15728
525,54,0,8.983075,0.03026,25,15753
526,54,0,8.950569,0.032506,28,15781
527,54,0,8.918717,0.031851,28,15809
528,54,0,8.8877,0.031018,24,15833
529,54,0,8.853005,0.034695,28,15861
530,54,0,8.819653,0.033352,27,15888
531,54,0,8.788085,0.031568,26,15914
532,54,0,8.755621,0.032465,28,15942
533,54,0,8.719581,0.03604,31,15973
534,54,0,8.686765,0.032816,31,16004
535,54,0,8.656822,0.029943,28,16032
536,54,0,8.620732,0.03609,31,16063
537,54,0,8.591656,0.029077,26,16089
538,54,0,8.561088,0.030567,27,16116
539,54,0,8.527063,0.034025,27,16143
540,54,0,8.492867,0.034196,29,16172
541,54,0,8.457643,0.035224,27,16199
542,54,0,8.424589,0.033054,26,16225
543,54,0,8.387204,0.037386,32,16257
544,54,0,8.347061,0.040143,37,16294
545,54,0,8.313937,0.033124,28,16322
546,54,0,8.280382,0.033555,27,16349
547,54,0,8.243927,0.036456,31,16380
548,54,0,8.207876,0.036051,30,16410
549,54,0,8.174003,0.033873,29,16439
550,54,0,8.139116,0.034887,29,16468
551,54,0,8.105032,0.034084,29,16497
552,54,0,8.066691,0.038341,36,16533
553,54,0,8.029621,0.03707,32,16565
554,54,0,8.000361,0.029259,24,16589
555,54,0,7.967984,0.032377,27,16616
556,54,0,7.933548,0.034436,29,16645
557,54,0,7.90227,0.031278,28,16673
558,54,0,7.870359,0.031911,29,16702
559,54,0,7.835269,0.035089,30,16732
560,54,0,7.800586,0.034683,28,16760
561,54,0,7.767287,0.033299,26,16786
562,54,0,7.735199,0.032088,26,16812
563,54,0,7.699544,0.035655,34,16846
564,54,0,7.6672,0.032344,26,16872
565,54,0,7.639593,0.027607,25,16897
566,54,0,7.609707,0.029887,25,16922
567,54,0,7.574568,0.035139,29,16951
568,54,0,7.541355,0.033213,30,16981
569,54,0,7.505062,0.036292,31,17012
570,54,0,7.474384,0.030678,26,17038
571,54,0,7.444762,0.029622,27,17065
572,54,0,7.416311,0.028451,25,17090
573,54,0,7.385752,0.030558,28,17118
574,54,0,7.349421,0.036331,31,17149
575,54,0,7.317063,0.032359,31,17180
576,54,0,7.282259,0.034803,28,17208
577,54,0,7.247651,0.034608,28,17236
578,54,0,7.217435,0.030216,28,17264
579,54,0,7.184832,0.032603,27,17291
580,54,0,7.149987,0.034845,29,17320
581,54,0,7.117213,0.032774,27,17347
582,54,0,7.08064,0.036572,34,17381
583,54,0,7.045872,0.034768,34,17415
584,54,0,7.010334,0.035537,30,17445
585,54,0,6.971532,0.038803,33,17478
586,54,0,6.942573,0.028958,26,17504
587,54,0,6.905642,0.036931,28,17532
588,54,0,6.875493,0.030149,23,17555
589,54,0,6.845105,0.030388,28,17583
590,54,0,6.814165,0.03094,24,17607
591,54,0,6.78478,0.029385,26,17633
592,54,0,6.749764,0.035015,29,17662
593,54,0,6.71872,0.031045,29,17691
594,54,0,6.678487,0.040233,36,17727
595,54,0,6.639892,0.038594,34,17761
596,54,0,6.605806,0.034087,29,17790
597,54,0,6.574075,0.03173,25,17815
598,54,0,6.537874,0.036201,32,17847
599,54,0,6.506058,0.031817,28,17875
600,54,0,6.473763,0.032295,27,17902
601,54,0,6.435322,0.03844,34,17936
602,54,0,6.396496,0.038826,34,17970
603,54,0,6.361194,0.035302,31,18001
604,54,0,6.328721,0.032472,27,18028
605,54,0,6.298782,0.029939,27,18055
606,54,0,6.263265,0.035518,32,18087
607,54,0,6.225187,0.038077,33,18120
608,54,0,6.191744,0.033443,31,18151
609,54,0,6.161395,0.030349,22,18173
610,54,0,6.132707,0.028688,26,18199
611,54,0,6.093936,0.03877,33,18232
612,54,0,6.061256,0.03268,29,18261
613,54,0,6.021851,0.039405,36,18297
614,54,0,5.985165,0.036686,31,18328
615,54,0,5.949395,0.03577,29,18357
616,54,0,5.913515,0.03588,30,18387
617,54,0,5.877508,0.036006,31,18418
618,54,0,5.847181,0.030328,28,18446
619,54,0,5.813958,0.033223,31,18477
620,54,0,5.780075,0.033883,31,18508
621,54,0,5.745137,0.034938,30,18538
622,54,0,5.707653,0.037485,37,18575
623,54,0,5.665479,0.042174,39,18614
624,54,0,5.632762,0.032717,31,18645
625,54,0,5.59675,0.036012,33,18678
626,54,0,5.562927,0.033823,28,18706
627,54,0,5.528237,0.03469,31,18737
628,54,0,5.497588,0.030649,28,18765
629,54,0,5.456954,0.040634,34,18799
630,54,0,5.42499,0.031964,26,18825
631,54,0,5.384803,0.040187,36,18861
632,54,0,5.349426,0.035378,33,18894
633,54,0,5.318762,0.030664,25,18919
634,54,0,5.28949,0.029272,27,18946
635,54,0,5.257393,0.032097,31,18977
636,54,0,5.224668,0.032725,31,19008
637,54,0,5.186519,0.038149,33,19041
638,54,0,5.149799,0.03672,33,19074
639,54,0,5.114851,0.034948,31,19105
640,54,0,5.078305,0.036547,31,19136
641,54,0,5.043774,0.034531,34,19170
642,54,0,5.001828,0.041946,38,19208
643,54,0,4.965629,0.036199,32,19240
644,54,0,4.93491,0.03072,24,19264
645,54,0,4.903187,0.031723,30,19294
646,54,0,4.862521,0.040665,37,19331
647,54,0,4.829825,0.032696,25,19356
648,54,0,4.797138,0.032687,31,19387
649,54,0,4.764438,0.0327,32,19419
650,54,0,4.731376,0.033062,27,19446
651,54,0,4.697763,0.033613,31,19477
652,54,0,4.668106,0.029657,26,19503
653,54,0,4.634698,0.033408,26,19529
654,54,0,4.59901,0.035689,31,19560
655,54,0,4.56512,0.033889,27,19587
656,54,0,4.530451,0.034669,28,19615
657,54,0,4.497317,0.033134,30,19645
658,54,0,4.464808,0.032509,29,19674
659,54,0,4.429798,0.035009,30,19704
660,54,0,4.393181,0.036618,31,19735
661,54,0,4.357556,0.035625,32,19767
662,54,0,4.323301,0.034255,33,19800
663,54,0,4.285366,0.037935,33,19833
664,54,0,4.246199,0.039167,36,19869
665,54,0,4.210096,0.036103,33,19902
666,54,0,4.176985,0.033111,30,19932
667,54,0,4.139341,0.037644,33,19965
668,54,0,4.099897,0.039444,30,19995
669,54,0,4.059268,0.040628,37,20032
670,54,0,4.020391,0.038878,35,20067
671,54,0,3.986646,0.033745,32,20099
672,54,0,3.955698,0.030948,29,20128
673,54,0,3.922621,0.033077,32,20160
674,54,0,3.89379,0.02883,25,20185
675,54,0,3.859245,0.034545,32,20217
676,54,0,3.822495,0.036751,33,20250
677,54,0,3.787001,0.035493,32,20282
678,54,0,3.750048,0.036954,32,20314
679,54,0,3.714622,0.035426,29,20343
680,54,0,3.683219,0.031403,27,20370
681,54,0,3.646931,0.036288,30,20400
682,54,0,3.611653,0.035278,30,20430
683,54,0,3.574895,0.036757,32,20462
684,54,0,3.536765,0.03813,34,20496
685,54,0,3.501467,0.035299,31,20527
686,54,0,3.464554,0.036913,32,20559
687,54,0,3.4292,0.035355,31,20590
688,54,0,3.398705,0.030494,29,20619
689,54,0,3.365976,0.03273,28,20647
690,54,0,3.334424,0.031552,29,20676
691,54,0,3.300054,0.03437,31,20707
692,54,0,3.263957,0.036097,27,20734
693,54,0,3.230702,0.033255,32,20766
694,54,0,3.200223,0.030479,24,20790
695,54,0,3.16849,0.031732,29,20819
696,54,0,3.130258,0.038232,35,20854
697,54,0,3.097309,0.032949,26,20880
698,54,0,3.061155,0.036155,30,20910
699,54,0,3.026496,0.034658,31,20941
700,54,0,2.993504,0.032993,26,20967
701,54,0,2.963575,0.029929,24,20991
702,54,0,2.932651,0.030924,29,21020
703,54,0,2.905193,0.027458,22,21042
704,54,0,2.866111,0.039082,33,21075
705,54,0,2.834475,0.031636,26,21101
706,54,0,2.80081,0.033665,27,21128
707,54,0,2.769035,0.031775,25,21153
708,54,0,2.737898,0.031137,29,21182
709,54,0,2.704179,0.033719,29,21211
710,54,0,2.67739,0.026789,24,21235
711,54,0,2.642954,0.034436,31,21266
712,54,0,2.61139,0.031564,25,21291
713,54,0,2.582682,0.028708,22,21313
714,54,0,2.545789,0.036894,32,21345
715,54,0,2.511896,0.033893,28,21373
716,54,0,2.475953,0.035942,31,21404
717,54,0,2.444275,0.031678,26,21430
718,54,0,2.407408,0.036867,32,21462
719,54,0,2.378238,0.02917,26,21488
720,54,0,2.341616,0.036622,32,21520
721,54,0,2.31403,0.027587,22,21542
722,54,0,2.28041,0.03362,32,21574
723,54,0,2.241378,0.039032,34,21608
724,54,0,2.205549,0.035829,29,21637
725,54,0,2.172092,0.033457,27,21664
726,54,0,2.138715,0.033376,29,21693
727,54,0,2.106784,0.031931,26,21719
728,54,0,2.067809,0.038976,33,21752
729,54,0,2.027903,0.039906,36,21788
730,54,0,1.99533,0.032573,27,21815
731,54,0,1.958787,0.036544,32,21847
732,54,0,1.925537,0.03325,29,21876
733,54,0,1.892513,0.033024,26,21902
734,54,0,1.857818,0.034695,29,21931
735,54,0,1.823467,0.034352,28,21959
736,54,0,1.788535,0.034932,28,21987
737,54,0,1.752014,0.03652,29,22016
738,54,0,1.71766,0.034354,29,22045
739,54,0,1.68957,0.028089,25,22070
740,54,0,1.657784,0.031786,29,22099
741,54,0,1.623426,0.034358,30,22129
742,54,0,1.586125,0.037301,32,22161
743,54,0,1.552388,0.033737,30,22191
744,54,0,1.519723,0.032665,29,22220
745,54,0,1.483532,0.036191,31,22251
746,54,0,1.448566,0.034966,29,22280
747,54,0,1.415299,0.033267,27,22307
748,54,0,1.384985,0.030314,28,22335
749,54,0,1.358288,0.026697,23,22358
750,54,0,1.325074,0.033214,27,22385
751,54,0,1.29171,0.033363,26,22411
752,51,3,1.262117,0.034195,28,22439
753,51,3,1.235053,0.027064,23,22462
754,51,3,1.201633,0.033421,27,22489
755,49,5,1.169081,0.032673,30,22519
756,48,6,1.138623,0.030556,28,22547
757,44,10,1.113165,0.026104,23,22570
758,43,11,1.08592,0.029247,24,22594
759,42,12,1.066507,0.019447,20,22614
760,40,14,1.041046,0.029123,21,22635
761,40,14,1.01166,0.029386,22,22657
762,40,14,0.995418,0.016242,16,22673
763,38,16,0.979175,0.016482,16,22689
764,37,17,0.960063,0.019184,20,22709
765,35,19,0.943447,0.01706,17,22726
766,33,21,0.929807,0.013894,14,22740
767,31,23,0.916148,0.014015,13,22753
768,27,27,0.905887,0.013885,13,22766
769,25,29,0.892106,0.014161,14,22780
770,25,29,0.882158,0.009948,8,22788
771,22,32,0.875465,0.009491,7,22795
772,21,33,0.864714,0.010811,9,22804
773,20,34,0.855228,0.009555,7,22811
774,20,34,0.844441,0.010787,9,22820
775,20,34,0.836794,0.007647,5,22825
776,20,34,0.830685,0.006109,2,22827
777,19,35,0.820548,0.010146,8,22835
778,18,36,0.813174,0.0075,5,22840
779,18,36,0.80399,0.009185,7,22847
780,17,37,0.795183,0.008842,7,22854
781,16,38,0.788146,0.007108,4,22858
782,16,38,0.77902,0.009127,7,22865
783,14,40,0.771661,0.007604,5,22870
784,14,40,0.763345,0.008315,6,22876
785,13,41,0.755025,0.008402,6,22882
786,13,41,0.747182,0.007843,5,22887
787,13,41,0.739366,0.007816,5,22892
788,13,41,0.733162,0.006204,3,22895
789,12,42,0.724969,0.008247,6,22901
790,12,42,0.717886,0.007084,4,22905
791,12,42,0.71141,0.006475,3,22908
792,10,44,0.705316,0.006488,3,22911
793,10,44,0.700269,0.005047,1,22912
794,9,45,0.694079,0.006233,3,22915
795,9,45,0.694061,1.8e-05,0,22915
796,9,45,0.688467,0.005594,2,22917
797,9,45,0.682208,0.006259,3,22920
798,9,45,0.675991,0.006217,3,22923
799,9,45,0.669065,0.006927,4,22927
800,9,45,0.662159,0.006906,4,22931
801,9,45,0.656586,0.005573,2,22933
802,9,45,0.649647,0.006939,4,22937
803,9,45,0.642036,0.007611,5,22942
804,9,45,0.636468,0.005568,2,22944
805,9,45,0.631617,0.004851,1,22945
806,9,45,0.625394,0.006223,3,22948
807,9,45,0.619822,0.005573,2,22950
808,8,46,0.612629,0.007238,3,22953
809,8,46,0.607093,0.005535,2,22955
810,8,46,0.602244,0.004849,1,22956
811,6,48,0.601454,0.000919,2,22958
812,5,49,0.600974,0.005891,1,22959
813,5,49,0.600964,1e-05,0,22959
814,5,49,0.600954,1e-05,0,22959
815,5,49,0.600944,1e-05,0,22959
816,5,49,0.600934,1e-05,0,22959
817,5,49,0.600924,1e-05,0,22959
818,5,49,0.600914,1e-05,0,22959
819,5,49,0.600904,1e-05,0,22959
820,5,49,0.600894,1e-05,0,22959
821,5,49,0.600884,1e-05,0,22959
822,5,49,0.600874,1e-05,0,22959
823,5,49,0.600864,1e-05,0,22959
824,5,49,0.600854,1e-05,0,22959
825,4,50,0.600209,0.005037,1,22960
826,4,50,0.600201,8e-06,0,22960
827,4,50,0.600193,8e-06,0,22960
828,4,50,0.595319,0.004874,1,22961
829,4,50,0.595311,8e-06,0,22961
830,4,50,0.595303,8e-06,0,22961
831,4,50,0.595295,8e-06,0,22961
832,4,50,0.590421,0.004874,1,22962
833,4,50,0.590413,8e-06,0,22962
834,4,50,0.590405,8e-06,0,22962
835,4,50,0.590397,8e-06,0,22962
836,3,51,0.58902,0.004874,1,22963
837,3,51,0.589014,6e-06,0,22963
838,3,51,0.589008,6e-06,0,22963
839,3,51,0.589002,6e-06,0,22963
840,3,51,0.588996,6e-06,0,22963
841,3,51,0.58899,6e-06,0,22963
842,3,51,0.588984,6e-06,0,22963
843,3,51,0.588978,6e-06,0,22963
844,3,51,0.588972,6e-06,0,22963
845,3,51,0.588966,6e-06,0,22963
846,3,51,0.58896,6e-06,0,22963
847,3,51,0.588954,6e-06,0,22963
848,3,51,0.588948,6e-06,0,22963
849,3,51,0.588942,6e-06,0,22963
850,3,51,0.588936,6e-06,0,22963
851,3,51,0.58893,6e-06,0,22963
852,3,51,0.588924,6e-06,0,22963
853,3,51,0.588918,6e-06,0,22963
854,3,51,0.588912,6e-06,0,22963
855,3,51,0.588906,6e-06,0,22963
856,3,51,0.5889,6e-06,0,22963
857,3,51,0.588894,6e-06,0,22963
858,3,51,0.588888,6e-06,0,22963
859,3,51,0.588882,6e-06,0,22963
860,3,51,0.588876,6e-06,0,22963
861,3,51,0.58887,6e-06,0,22963
862,3,51,0.588864,6e-06,0,22963
863,3,51,0.588858,6e-06,0,22963
864,3,51,0.588852,6e-06,0,22963
865,3,51,0.588846,6e-06,0,22963
866,3,51,0.58884,6e-06,0,22963
867,3,51,0.588834,6e-06,0,22963
868,3,51,0.588828,6e-06,0,22963
869,3,51,0.588822,6e-06,0,22963
870,3,51,0.588816,6e-06,0,22963
871,3,51,0.58881,6e-06,0,22963
872,3,51,0.588804,6e-06,0,22963
873,3,51,0.588798,6e-06,0,22963
874,3,51,0.588792,6e-06,0,22963
875,3,51,0.580769,0.008023,1,22964
876,3,51,0.580763,6e-06,0,22964
877,3,51,0.580757,6e-06,0,22964
878,3,51,0.572734,0.008023,1,22965
879,3,51,0.572728,6e-06,0,22965
880,3,51,0.564704,0.008023,1,22966
881,3,51,0.556681,0.008023,1,22967
882,3,51,0.556675,6e-06,0,22967
883,3,51,0.556669,6e-06,0,22967
884,3,51,0.556663,6e-06,0,22967
885,3,51,0.556657,6e-06,0,22967
886,3,51,0.556651,6e-06,0,22967
887,3,51,0.556645,6e-06,0,22967
888,3,51,0.556639,6e-06,0,22967
889,3,51,0.556633,6e-06,0,22967
890,3,51,0.556627,6e-06,0,22967
891,3,51,0.556621,6e-06,0,22967
892,3,51,0.556615,6e-06,0,22967
893,3,51,0.556609,6e-06,0,22967
894,3,51,0.556603,6e-06,0,22967
895,3,51,0.556597,6e-06,0,22967
896,3,51,0.556591,6e-06,0,22967
897,3,51,0.556585,6e-06,0,22967
898,3,51,0.556579,6e-06,0,22967
899,3,51,0.556573,6e-06,0,22967
900,3,51,0.556567,6e-06,0,22967
901,3,51,0.556561,6e-06,0,22967
902,3,51,0.556555,6e-06,0,22967
903,3,51,0.556549,6e-06,0,22967
904,3,51,0.556543,6e-06,0,22967
905,3,51,0.556537,6e-06,0,22967
906,3,51,0.556531,6e-06,0,22967
907,3,51,0.556525,6e-06,0,22967
908,3,51,0.556519,6e-06,0,22967
909,3,51,0.556513,6e-06,0,22967
910,3,51,0.556507,6e-06,0,22967
911,3,51,0.556501,6e-06,0,22967
912,3,51,0.556495,6e-06,0,22967
913,3,51,0.556489,6e-06,0,22967
914,3,51,0.556483,6e-06,0,22967
915,3,51,0.556477,6e-06,0,22967
916,3,51,0.556471,6e-06,0,22967
917,3,51,0.556465,6e-06,0,22967
918,3,51,0.556459,6e-06,0,22967
919,3,51,0.556453,6e-06,0,22967
920,3,51,0.556447,6e-06,0,22967
921,3,51,0.556441,6e-06,0,22967
922,3,51,0.556435,6e-06,0,22967
923,3,51,0.556429,6e-06,0,22967
924,3,51,0.556423,6e-06,0,22967
925,3,51,0.556417,6e-06,0,22967
926,3,51,0.556411,6e-06,0,22967
927,3,51,0.556405,6e-06,0,22967
928,3,51,0.556399,6e-06,0,22967
929,3,51,0.556393,6e-06,0,22967
930,3,51,0.556387,6e-06,0,22967
931,3,51,0.556381,6e-06,0,22967
932,3,51,0.556375,6e-06,0,22967
933,3,51,0.556369,6e-06,0,22967
934,3,51,0.556363,6e-06,0,22967
935,3,51,0.556357,6e-06,0,22967
936,3,51,0.556351,6e-06,0,22967
937,3,51,0.556345,6e-06,0,22967
938,3,51,0.556339,6e-06,0,22967
939,3,51,0.556333,6e-06,0,22967
940,3,51,0.556327,6e-06,0,22967
941,3,51,0.556321,6e-06,0,22967
942,3,51,0.556315,6e-06,0,22967
943,3,51,0.556309,6e-06,0,22967
944,3,51,0.556303,6e-06,0,22967
945,3,51,0.556297,6e-06,0,22967
946,3,51,0.556291,6e-06,0,22967
947,3,51,0.556285,6e-06,0,22967
948,3,51,0.556279,6e-06,0,22967
949,3,51,0.556273,6e-06,0,22967
950,3,51,0.556267,6e-06,0,22967
951,3,51,0.556261,6e-06,0,22967
952,3,51,0.556255,6e-06,0,22967
953,3,51,0.556249,6e-06,0,22967
954,3,51,0.556243,6e-06,0,22967
955,3,51,0.556237,6e-06,0,22967
956,3,51,0.556231,6e-06,0,22967
957,3,51,0.556225,6e-06,0,22967
958,3,51,0.556219,6e-06,0,22967
959,3,51,0.556213,6e-06,0,22967
960,3,51,0.556207,6e-06,0,22967
961,3,51,0.556201,6e-06,0,22967
962,3,51,0.556195,6e-06,0,22967
963,3,51,0.556189,6e-06,0,22967
964,3,51,0.556183,6e-06,0,22967
965,3,51,0.556177,6e-06,0,22967
966,3,51,0.556171,6e-06,0,22967
967,3,51,0.556165,6e-06,0,22967
968,3,51,0.556159,6e-06,0,22967
969,3,51,0.556153,6e-06,0,22967
970,3,51,0.556147,6e-06,0,22967
971,3,51,0.556141,6e-06,0,22967
972,3,51,0.556135,6e-06,0,22967
973,3,51,0.556129,6e-06,0,22967
974,3,51,0.556123,6e-06,0,22967
975,3,51,0.556117,6e-06,0,22967
976,3,51,0.556111,6e-06,0,22967
977,3,51,0.556105,6e-06,0,22967
978,3,51,0.556099,6e-06,0,22967
979,3,51,0.556093,6e-06,0,22967
980,3,51,0.556087,6e-06,0,22967
981,3,51,0.556081,6e-06,0,22967
982,3,51,0.556075,6e-06,0,22967
983,3,51,0.556069,6e-06,0,22967
984,3,51,0.556063,6e-06,0,22967
985,3,51,0.556057,6e-06,0,22967
986,3,51,0.556051,6e-06,0,22967
987,3,51,0.556045,6e-06,0,22967
988,3,51,0.556039,6e-06,0,22967
989,3,51,0.556033,6e-06,0,22967
990,3,51,0.556027,6e-06,0,22967
991,3,51,0.556021,6e-06,0,22967
992,3,51,0.556015,6e-06,0,22967
993,3,51,0.556009,6e-06,0,22967
994,3,51,0.556003,6e-06,0,22967
995,3,51,0.555997,6e-06,0,22967
996,3,51,0.555991,6e-06,0,22967
997,3,51,0.555985,6e-06,0,22967
998,3,51,0.555979,6e-06,0,22967
999,3,51,0.555973,6e-06,0,22967
1000,3,51,0.555967,6e-06,0,22967
1001,3,51,0.555961,6e-06,0,22967
1002,3,51,0.555955,6e-06,0,22967
1003,3,51,0.555949,6e-06,0,22967
1004,3,51,0.555943,6e-06,0,22967
1005,3,51,0.555937,6e-06,0,22967
1006,3,51,0.555931,6e-06,0,22967
1007,3,51,0.555925,6e-06,0,22967
1008,3,51,0.555919,6e-06,0,22967
1009,3,51,0.555913,6e-06,0,22967
1010,3,51,0.555907,6e-06,0,22967
1011,3,51,0.555901,6e-06,0,22967
1012,3,51,0.555895,6e-06,0,22967
1013,3,51,0.555889,6e-06,0,22967
1014,3,51,0.555883,6e-06,0,22967
1015,3,51,0.555877,6e-06,0,22967
1016,3,51,0.555871,6e-06,0,22967
1017,3,51,0.555865,6e-06,0,22967
1018,3,51,0.555859,6e-06,0,22967
1019,3,51,0.555853,6e-06,0,22967
1020,3,51,0.555847,6e-06,0,22967
1021,3,51,0.555841,6e-06,0,22967
1022,3,51,0.555835,6e-06,0,22967
1023,3,51,0.555829,6e-06,0,22967
1024,3,51,0.555823,6e-06,0,22967
1025,3,51,0.555817,6e-06,0,22967
1026,3,51,0.555811,6e-06,0,22967
1027,3,51,0.555805,6e-06,0,22967
1028,3,51,0.555799,6e-06,0,22967
1029,3,51,0.555793,6e-06,0,22967
1030,3,51,0.548475,0.007318,1,22968
1031,3,51,0.548469,6e-06,0,22968
1032,3,51,0.548463,6e-06,0,22968
1033,3,51,0.548457,6e-06,0,22968
1034,3,51,0.548451,6e-06,0,22968
1035,3,51,0.548445,6e-06,0,22968
1036,3,51,0.548439,6e-06,0,22968
1037,3,51,0.548433,6e-06,0,22968
1038,3,51,0.548427,6e-06,0,22968
1039,3,51,0.548421,6e-06,0,22968
1040,3,51,0.548415,6e-06,0,22968
1041,3,51,0.548409,6e-06,0,22968
1042,3,51,0.548403,6e-06,0,22968
1043,3,51,0.548397,6e-06,0,22968
1044,3,51,0.548391,6e-06,0,22968
1045,3,51,0.548385,6e-06,0,22968
1046,3,51,0.548379,6e-06,0,22968
1047,3,51,0.548373,6e-06,0,22968
1048,3,51,0.548367,6e-06,0,22968
1049,3,51,0.548361,6e-06,0,22968
1050,3,51,0.548355,6e-06,0,22968
1051,3,51,0.548349,6e-06,0,22968
1052,3,51,0.548343,6e-06,0,22968
1053,3,51,0.548337,6e-06,0,22968
1054,3,51,0.548331,6e-06,0,22968
1055,3,51,0.548325,6e-06,0,22968
1056,3,51,0.548319,6e-06,0,22968
1057,3,51,0.548313,6e-06,0,22968
1058,3,51,0.548307,6e-06,0,22968
1059,3,51,0.548301,6e-06,0,22968
1060,3,51,0.548295,6e-06,0,22968
1061,3,51,0.548289,6e-06,0,22968
1062,3,51,0.548283,6e-06,0,22968
1063,3,51,0.548277,6e-06,0,22968
1064,3,51,0.548271,6e-06,0,22968
1065,3,51,0.548265,6e-06,0,22968
1066,3,51,0.548259,6e-06,0,22968
1067,3,51,0.548253,6e-06,0,22968
1068,3,51,0.548247,6e-06,0,22968
1069,3,51,0.548241,6e-06,0,22968
1070,3,51,0.548235,6e-06,0,22968
1071,3,51,0.548229,6e-06,0,22968
1072,3,51,0.548223,6e-06,0,22968
1073,3,51,0.548217,6e-06,0,22968
1074,3,51,0.548211,6e-06,0,22968
1075,3,51,0.548205,6e-06,0,22968
1076,3,51,0.548199,6e-06,0,22968
1077,3,51,0.548193,6e-06,0,22968
1078,3,51,0.548187,6e-06,0,22968
1079,3,51,0.548181,6e-06,0,22968
1080,3,51,0.548175,6e-06,0,22968
1081,3,51,0.548169,6e-06,0,22968
1082,3,51,0.548163,6e-06,0,22968
1083,3,51,0.548157,6e-06,0,22968
1084,3,51,0.548151,6e-06,0,22968
1085,3,51,0.548145,6e-06,0,22968
1086,3,51,0.548139,6e-06,0,22968
1087,3,51,0.548133,6e-06,0,22968
1088,3,51,0.548127,6e-06,0,22968
1089,3,51,0.548121,6e-06,0,22968
1090,3,51,0.548115,6e-06,0,22968
1091,3,51,0.548109,6e-06,0,22968
1092,3,51,0.548103,6e-06,0,22968
1093,3,51,0.548097,6e-06,0,22968
1094,3,51,0.548091,6e-06,0,22968
1095,3,51,0.538763,0.009328,1,22969
1096,3,51,0.538757,6e-06,0,22969
1097,3,51,0.529429,0.009328,1,22970
1098,3,51,0.529423,6e-06,0,22970
1099,3,51,0.529417,6e-06,0,22970
1100,3,51,0.529411,6e-06,0,22970
1101,3,51,0.529405,6e-06,0,22970
1102,3,51,0.520077,0.009328,1,22971
1103,3,51,0.520071,6e-06,0,22971
1104,3,51,0.520065,6e-06,0,22971
1105,3,51,0.510736,0.009328,1,22972
1106,3,51,0.51073,6e-06,0,22972
1107,3,51,0.510724,6e-06,0,22972
1108,3,51,0.501396,0.009328,1,22973
1109,3,51,0.492068,0.009328,1,22974
1110,3,51,0.492062,6e-06,0,22974
1111,3,51,0.492056,6e-06,0,22974
1112,3,51,0.49205,6e-06,0,22974
1113,3,51,0.492044,6e-06,0,22974
1114,3,51,0.492038,6e-06,0,22974
1115,3,51,0.48271,0.009328,1,22975
1116,3,51,0.482704,6e-06,0,22975
1117,3,51,0.473376,0.009328,1,22976
1118,3,51,0.464048,0.009328,1,22977
1119,2,52,0.462309,0.009328,1,22978
1120,2,52,0.462305,4e-06,0,22978
1121,2,52,0.462301,4e-06,0,22978
1122,2,52,0.462297,4e-06,0,22978
1123,2,52,0.462293,4e-06,0,22978
1124,2,52,0.462289,4e-06,0,22978
1125,2,52,0.462285,4e-06,0,22978
1126,1,53,0.45618,0.008021,1,22979
1127,1,53,0.456178,2e-06,0,22979
1128,1,53,0.456176,2e-06,0,22979
1129,1,53,0.456174,2e-06,0,22979
1130,1,53,0.456172,2e-06,0,22979
1131,1,53,0.45617,2e-06,0,22979
1132,1,53,0.456168,2e-06,0,22979
1133,1,53,0.456166,2e-06,0,22979
1134,1,53,0.456164,2e-06,0,22979
1135,1,53,0.456162,2e-06,0,22979
1136,1,53,0.45616,2e-06,0,22979
1137,1,53,0.456158,2e-06,0,22979
1138,1,53,0.456156,2e-06,0,22979
1139,1,53,0.456154,2e-06,0,22979
1140,1,53,0.456152,2e-06,0,22979
1141,1,53,0.45615,2e-06,0,22979
1142,1,53,0.456148,2e-06,0,22979
1143,1,53,0.456146,2e-06,0,22979
1144,1,53,0.456144,2e-06,0,22979
1145,1,53,0.456142,2e-06,0,22979
1146,1,53,0.45614,2e-06,0,22979
1147,1,53,0.456138,2e-06,0,22979
1148,1,53,0.456136,2e-06,0,22979
1149,1,53,0.456134,2e-06,0,22979
1150,1,53,0.456132,2e-06,0,22979
1151,1,53,0.45613,2e-06,0,22979
1152,1,53,0.456128,2e-06,0,22979
1153,1,53,0.456126,2e-06,0,22979
1154,1,53,0.456124,2e-06,0,22979
1155,1,53,0.456122,2e-06,0,22979
1156,1,53,0.45612,2e-06,0,22979
1157,1,53,0.456118,2e-06,0,22979
1158,1,53,0.456116,2e-06,0,22979
1159,1,53,0.456114,2e-06,0,22979
1160,1,53,0.456112,2e-06,0,22979
1161,1,53,0.45611,2e-06,0,22979
1162,1,53,0.456108,2e-06,0,22979
1163,1,53,0.456106,2e-06,0,22979
1164,1,53,0.456104,2e-06,0,22979
1165,1,53,0.456102,2e-06,0,22979
1166,1,53,0.4561,2e-06,0,22979
1167,1,53,0.456098,2e-06,0,22979
1168,1,53,0.456096,2e-06,0,22979
1169,1,53,0.456094,2e-06,0,22979
1170,1,53,0.456092,2e-06,0,22979
1171,1,53,0.45609,2e-06,0,22979
1172,1,53,0.456088,2e-06,0,22979
1173,1,53,0.456086,2e-06,0,22979
1174,1,53,0.456084,2e-06,0,22979
1175,1,53,0.456082,2e-06,0,22979
1176,1,53,0.45608,2e-06,0,22979
1177,1,53,0.456078,2e-06,0,22979
1178,1,53,0.456076,2e-06,0,22979
1179,1,53,0.456074,2e-06,0,22979
1180,1,53,0.456072,2e-06,0,22979
1181,1,53,0.45607,2e-06,0,22979
1182,1,53,0.456068,2e-06,0,22979
1183,1,53,0.456066,2e-06,0,22979
1184,1,53,0.456064,2e-06,0,22979
1185,1,53,0.456062,2e-06,0,22979
1186,1,53,0.45606,2e-06,0,22979
1187,1,53,0.456058,2e-06,0,22979
1188,1,53,0.456056,2e-06,0,22979
1189,1,53,0.456054,2e-06,0,22979
1190,1,53,0.456052,2e-06,0,22979
1191,1,53,0.45605,2e-06,0,22979
1192,1,53,0.456048,2e-06,0,22979
1193,1,53,0.456046,2e-06,0,22979
1194,1,53,0.456044,2e-06,0,22979
1195,1,53,0.456042,2e-06,0,22979
1196,1,53,0.45604,2e-06,0,22979
1197,1,53,0.456038,2e-06,0,22979
1198,1,53,0.456036,2e-06,0,22979
1199,1,53,0.456034,2e-06,0,22979
1200,1,53,0.456032,2e-06,0,22979
1201,1,53,0.45603,2e-06,0,22979
1202,1,53,0.456028,2e-06,0,22979
1203,1,53,0.456026,2e-06,0,22979
1204,1,53,0.456024,2e-06,0,22979
1205,1,53,0.456022,2e-06,0,22979
1206,1,53,0.45602,2e-06,0,22979
1207,1,53,0.456018,2e-06,0,22979
1208,1,53,0.456016,2e-06,0,22979
1209,1,53,0.456014,2e-06,0,22979
1210,1,53,0.456012,2e-06,0,22979
1211,1,53,0.45601,2e-06,0,22979
1212,1,53,0.456008,2e-06,0,22979
1213,1,53,0.456006,2e-06,0,22979
1214,1,53,0.456004,2e-06,0,22979
1215,1,53,0.456002,2e-06,0,22979
1216,1,53,0.456,2e-06,0,22979
1217,1,53,0.455998,2e-06,0,22979
1218,1,53,0.455996,2e-06,0,22979
1219,1,53,0.455994,2e-06,0,22979
1220,1,53,0.455992,2e-06,0,22979
1221,1,53,0.45599,2e-06,0,22979
1222,1,53,0.455988,2e-06,0,22979
1223,1,53,0.455986,2e-06,0,22979
1224,1,53,0.455984,2e-06,0,22979
1225,1,53,0.455982,2e-06,0,22979
1226,1,53,0.45598,2e-06,0,22979
1227,1,53,0.455978,2e-06,0,22979
1228,1,53,0.455976,2e-06,0,22979
1229,1,53,0.455974,2e-06,0,22979
1230,1,53,0.455972,2e-06,0,22979
1231,1,53,0.45597,2e-06,0,22979
1232,1,53,0.455968,2e-06,0,22979
1233,1,53,0.455966,2e-06,0,22979
1234,1,53,0.455964,2e-06,0,22979
1235,1,53,0.455962,2e-06,0,22979
1236,1,53,0.45596,2e-06,0,22979
1237,1,53,0.455958,2e-06,0,22979
1238,1,53,0.455956,2e-06,0,22979
1239,1,53,0.455954,2e-06,0,22979
1240,1,53,0.455952,2e-06,0,22979
1241,1,53,0.45595,2e-06,0,22979
1242,1,53,0.455948,2e-06,0,22979
1243,1,53,0.455946,2e-06,0,22979
1244,1,53,0.455944,2e-06,0,22979
1245,1,53,0.455942,2e-06,0,22979
1246,1,53,0.45594,2e-06,0,22979
1247,1,53,0.455938,2e-06,0,22979
1248,1,53,0.455936,2e-06,0,22979
1249,1,53,0.455934,2e-06,0,22979
1250,1,53,0.455932,2e-06,0,22979
1251,1,53,0.45593,2e-06,0,22979
1252,1,53,0.455928,2e-06,0,22979
1253,1,53,0.455926,2e-06,0,22979
1254,1,53,0.455924,2e-06,0,22979
1255,1,53,0.455922,2e-06,0,22979
1256,1,53,0.45592,2e-06,0,22979
1257,1,53,0.455918,2e-06,0,22979
1258,1,53,0.455916,2e-06,0,22979
1259,1,53,0.455914,2e-06,0,22979
1260,1,53,0.455912,2e-06,0,22979
1261,1,53,0.45591,2e-06,0,22979
1262,1,53,0.455908,2e-06,0,22979
1263,1,53,0.455906,2e-06,0,22979
1264,1,53,0.455904,2e-06,0,22979
1265,1,53,0.455902,2e-06,0,22979
1266,1,53,0.4559,2e-06,0,22979
1267,1,53,0.455898,2e-06,0,22979
1268,1,53,0.455896,2e-06,0,22979
1269,1,53,0.455894,2e-06,0,22979
1270,1,53,0.455892,2e-06,0,22979
1271,1,53,0.45589,2e-06,0,22979
1272,1,53,0.455888,2e-06,0,22979
1273,1,53,0.455886,2e-06,0,22979
1274,1,53,0.455884,2e-06,0,22979
1275,1,53,0.455882,2e-06,0,22979
1276,1,53,0.45588,2e-06,0,22979
1277,1,53,0.455878,2e-06,0,22979
1278,1,53,0.455876,2e-06,0,22979
1279,1,53,0.455874,2e-06,0,22979
1280,1,53,0.455872,2e-06,0,22979
1281,1,53,0.45587,2e-06,0,22979
1282,1,53,0.455868,2e-06,0,22979
1283,1,53,0.455866,2e-06,0,22979
1284,1,53,0.455864,2e-06,0,22979
1285,1,53,0.455862,2e-06,0,22979
1286,1,53,0.45586,2e-06,0,22979
1287,1,53,0.455858,2e-06,0,22979
1288,1,53,0.455856,2e-06,0,22979
1289,1,53,0.455854,2e-06,0,22979
1290,1,53,0.455852,2e-06,0,22979
1291,1,53,0.45585,2e-06,0,22979
1292,1,53,0.455848,2e-06,0,22979
1293,1,53,0.455846,2e-06,0,22979
1294,1,53,0.455844,2e-06,0,22979
1295,1,53,0.455842,2e-06,0,22979
1296,1,53,0.45584,2e-06,0,22979
1297,1,53,0.455838,2e-06,0,22979
1298,1,53,0.455836,2e-06,0,22979
1299,1,53,0.455834,2e-06,0,22979
1300,1,53,0.455832,2e-06,0,22979
1301,1,53,0.45583,2e-06,0,22979
1302,1,53,0.455828,2e-06,0,22979
1303,1,53,0.455826,2e-06,0,22979
1304,1,53,0.455824,2e-06,0,22979
1305,1,53,0.455822,2e-06,0,22979
1306,1,53,0.45582,2e-06,0,22979
1307,1,53,0.455818,2e-06,0,22979
1308,1,53,0.455816,2e-06,0,22979
1309,1,53,0.455814,2e-06,0,22979
1310,1,53,0.455812,2e-06,0,22979
1311,1,53,0.45581,2e-06,0,22979
1312,1,53,0.455808,2e-06,0,22979
1313,1,53,0.455806,2e-06,0,22979
1314,1,53,0.455804,2e-06,0,22979
1315,1,53,0.455802,2e-06,0,22979
1316,1,53,0.4558,2e-06,0,22979
1317,1,53,0.455798,2e-06,0,22979
1318,1,53,0.455796,2e-06,0,22979
1319,1,53,0.455794,2e-06,0,22979
1320,1,53,0.455792,2e-06,0,22979
1321,1,53,0.45579,2e-06,0,22979
1322,1,53,0.455788,2e-06,0,22979
1323,1,53,0.455786,2e-06,0,22979
1324,1,53,0.455784,2e-06,0,22979
1325,1,53,0.455782,2e-06,0,22979
1326,1,53,0.45578,2e-06,0,22979
1327,1,53,0.455778,2e-06,0,22979
1328,1,53,0.455776,2e-06,0,22979
1329,1,53,0.455774,2e-06,0,22979
1330,1,53,0.455772,2e-06,0,22979
1331,1,53,0.45577,2e-06,0,22979
1332,1,53,0.455768,2e-06,0,22979
1333,1,53,0.455766,2e-06,0,22979
1334,1,53,0.455764,2e-06,0,22979
1335,1,53,0.455762,2e-06,0,22979
1336,1,53,0.45576,2e-06,0,22979
1337,1,53,0.455758,2e-06,0,22979
1338,1,53,0.455756,2e-06,0,22979
1339,1,53,0.455754,2e-06,0,22979
1340,1,53,0.455752,2e-06,0,22979
1341,1,53,0.45575,2e-06,0,22979
1342,1,53,0.455748,2e-06,0,22979
1343,1,53,0.455746,2e-06,0,22979
1344,1,53,0.455744,2e-06,0,22979
1345,1,53,0.455742,2e-06,0,22979
1346,1,53,0.45574,2e-06,0,22979
1347,1,53,0.455738,2e-06,0,22979
1348,1,53,0.455736,2e-06,0,22979
1349,1,53,0.455734,2e-06,0,22979
1350,1,53,0.455732,2e-06,0,22979
1351,1,53,0.45573,2e-06,0,22979
1352,1,53,0.455728,2e-06,0,22979
1353,1,53,0.455726,2e-06,0,22979
1354,1,53,0.455724,2e-06,0,22979
1355,1,53,0.455722,2e-06,0,22979
1356,1,53,0.45572,2e-06,0,22979
1357,1,53,0.455718,2e-06,0,22979
1358,1,53,0.455716,2e-06,0,22979
1359,1,53,0.455714,2e-06,0,22979
1360,1,53,0.455712,2e-06,0,22979
1361,1,53,0.45571,2e-06,0,22979
1362,1,53,0.455708,2e-06,0,22979
1363,1,53,0.455706,2e-06,0,22979
1364,1,53,0.455704,2e-06,0,22979
1365,1,53,0.455702,2e-06,0,22979
1366,1,53,0.4557,2e-06,0,22979
1367,1,53,0.455698,2e-06,0,22979
1368,1,53,0.455696,2e-06,0,22979
1369,1,53,0.455694,2e-06,0,22979
1370,1,53,0.455692,2e-06,0,22979
1371,1,53,0.45569,2e-06,0,22979
1372,1,53,0.455688,2e-06,0,22979
1373,1,53,0.455686,2e-06,0,22979
1374,1,53,0.455684,2e-06,0,22979
1375,1,53,0.455682,2e-06,0,22979
1376,1,53,0.45568,2e-06,0,22979
1377,1,53,0.455678,2e-06,0,22979
1378,1,53,0.455676,2e-06,0,22979
1379,1,53,0.455674,2e-06,0,22979
1380,1,53,0.455672,2e-06,0,22979
1381,1,53,0.45567,2e-06,0,22979
1382,1,53,0.455668,2e-06,0,22979
1383,1,53,0.455666,2e-06,0,22979
1384,1,53,0.455664,2e-06,0,22979
1385,1,53,0.455662,2e-06,0,22979
1386,1,53,0.45566,2e-06,0,22979
1387,1,53,0.455658,2e-06,0,22979
1388,1,53,0.455656,2e-06,0,22979
1389,1,53,0.455654,2e-06,0,22979
1390,1,53,0.455652,2e-06,0,22979
1391,1,53,0.45565,2e-06,0,22979
1392,1,53,0.455648,2e-06,0,22979
1393,1,53,0.455646,2e-06,0,22979
1394,1,53,0.455644,2e-06,0,22979
1395,1,53,0.455642,2e-06,0,22979
1396,1,53,0.45564,2e-06,0,22979
1397,1,53,0.455638,2e-06,0,22979
1398,1,53,0.455636,2e-06,0,22979
1399,1,53,0.455634,2e-06,0,22979
1400,1,53,0.455632,2e-06,0,22979
1401,1,53,0.45563,2e-06,0,22979
1402,1,53,0.455628,2e-06,0,22979
1403,1,53,0.455626,2e-06,0,22979
1404,1,53,0.455624,2e-06,0,22979
1405,1,53,0.455622,2e-06,0,22979
1406,1,53,0.45562,2e-06,0,22979
1407,1,53,0.455618,2e-06,0,22979
1408,1,53,0.455616,2e-06,0,22979
1409,1,53,0.455614,2e-06,0,22979
1410,1,53,0.455612,2e-06,0,22979
1411,1,53,0.45561,2e-06,0,22979
1412,1,53,0.455608,2e-06,0,22979
1413,1,53,0.455606,2e-06,0,22979
1414,1,53,0.455604,2e-06,0,22979
1415,1,53,0.455602,2e-06,0,22979
1416,1,53,0.4556,2e-06,0,22979
1417,1,53,0.455598,2e-06,0,22979
1418,1,53,0.455596,2e-06,0,22979
1419,1,53,0.455594,2e-06,0,22979
1420,1,53,0.455592,2e-06,0,22979
1421,1,53,0.45559,2e-06,0,22979
1422,1,53,0.455588,2e-06,0,22979
1423,1,53,0.455586,2e-06,0,22979
1424,1,53,0.455584,2e-06,0,22979
1425,1,53,0.455582,2e-06,0,22979
1426,1,53,0.45558,2e-06,0,22979
1427,1,53,0.455578,2e-06,0,22979
1428,1,53,0.455576,2e-06,0,22979
1429,1,53,0.455574,2e-06,0,22979
1430,1,53,0.455572,2e-06,0,22979
1431,1,53,0.45557,2e-06,0,22979
1432,1,53,0.455568,2e-06,0,22979
1433,1,53,0.455566,2e-06,0,22979
1434,1,53,0.455564,2e-06,0,22979
1435,1,53,0.455562,2e-06,0,22979
1436,1,53,0.45556,2e-06,0,22979
1437,1,53,0.455558,2e-06,0,22979
1438,1,53,0.455556,2e-06,0,22979
1439,1,53,0.455554,2e-06,0,22979
1440,1,53,0.455552,2e-06,0,22979
1441,1,53,0.45555,2e-06,0,22979
1442,1,53,0.455548,2e-06,0,22979
1443,1,53,0.455546,2e-06,0,22979
1444,1,53,0.455544,2e-06,0,22979
1445,1,53,0.455542,2e-06,0,22979
1446,1,53,0.45554,2e-06,0,22979
1447,1,53,0.455538,2e-06,0,22979
1448,1,53,0.455536,2e-06,0,22979
1449,1,53,0.455534,2e-06,0,22979
1450,1,53,0.455532,2e-06,0,22979
1451,1,53,0.45553,2e-06,0,22979
1452,1,53,0.455528,2e-06,0,22979
1453,1,53,0.455526,2e-06,0,22979
1454,1,53,0.455524,2e-06,0,22979
1455,1,53,0.455522,2e-06,0,22979
1456,1,53,0.448209,0.007314,1,22980
1457,1,53,0.448207,2e-06,0,22980
1458,1,53,0.448205,2e-06,0,22980
1459,1,53,0.448203,2e-06,0,22980
1460,1,53,0.448201,2e-06,0,22980
1461,1,53,0.448199,2e-06,0,22980
1462,1,53,0.448197,2e-06,0,22980
1463,1,53,0.448195,2e-06,0,22980
1464,1,53,0.448193,2e-06,0,22980
1465,1,53,0.448191,2e-06,0,22980
1466,1,53,0.448189,2e-06,0,22980
1467,1,53,0.448187,2e-06,0,22980
1468,1,53,0.448185,2e-06,0,22980
1469,1,53,0.448183,2e-06,0,22980
1470,1,53,0.448181,2e-06,0,22980
1471,1,53,0.448179,2e-06,0,22980
1472,1,53,0.448177,2e-06,0,22980
1473,1,53,0.448175,2e-06,0,22980
1474,1,53,0.448173,2e-06,0,22980
1475,1,53,0.448171,2e-06,0,22980
1476,1,53,0.448169,2e-06,0,22980
1477,1,53,0.448167,2e-06,0,22980
1478,1,53,0.448165,2e-06,0,22980
1479,1,53,0.448163,2e-06,0,22980
1480,1,53,0.448161,2e-06,0,22980
1481,1,53,0.448159,2e-06,0,22980
1482,1,53,0.448157,2e-06,0,22980
1483,1,53,0.440843,0.007314,1,22981
1484,1,53,0.440841,2e-06,0,22981
1485,1,53,0.440839,2e-06,0,22981
1486,1,53,0.440837,2e-06,0,22981
1487,1,53,0.440835,2e-06,0,22981
1488,1,53,0.440833,2e-06,0,22981
1489,1,53,0.440831,2e-06,0,22981
1490,1,53,0.440829,2e-06,0,22981
1491,1,53,0.440827,2e-06,0,22981
1492,1,53,0.440825,2e-06,0,22981
1493,1,53,0.440823,2e-06,0,22981
1494,1,53,0.440821,2e-06,0,22981
1495,1,53,0.440819,2e-06,0,22981
1496,1,53,0.440817,2e-06,0,22981
1497,1,53,0.440815,2e-06,0,22981
1498,1,53,0.440813,2e-06,0,22981
1499,1,53,0.440811,2e-06,0,22981
1500,1,53,0.440809,2e-06,0,22981
1501,1,53,0.440807,2e-06,0,22981
1502,1,53,0.440805,2e-06,0,22981
1503,1,53,0.440803,2e-06,0,22981
1504,1,53,0.440801,2e-06,0,22981
1505,1,53,0.440799,2e-06,0,22981
1506,1,53,0.440797,2e-06,0,22981
1507,1,53,0.440795,2e-06,0,22981
1508,1,53,0.440793,2e-06,0,22981
1509,1,53,0.440791,2e-06,0,22981
1510,1,53,0.440789,2e-06,0,22981
1511,1,53,0.440787,2e-06,0,22981
1512,1,53,0.440785,2e-06,0,22981
1513,1,53,0.440783,2e-06,0,22981
1514,1,53,0.440781,2e-06,0,22981
1515,1,53,0.440779,2e-06,0,22981
1516,1,53,0.440777,2e-06,0,22981
1517,1,53,0.440775,2e-06,0,22981
1518,1,53,0.440773,2e-06,0,22981
1519,1,53,0.440771,2e-06,0,22981
1520,1,53,0.440769,2e-06,0,22981
1521,1,53,0.440767,2e-06,0,22981
1522,1,53,0.440765,2e-06,0,22981
1523,1,53,0.440763,2e-06,0,22981
1524,1,53,0.440761,2e-06,0,22981
1525,1,53,0.440759,2e-06,0,22981
1526,1,53,0.440757,2e-06,0,22981
1527,1,53,0.440755,2e-06,0,22981
1528,1,53,0.440753,2e-06,0,22981
1529,1,53,0.440751,2e-06,0,22981
1530,1,53,0.440749,2e-06,0,22981
1531,1,53,0.440747,2e-06,0,22981
1532,1,53,0.440745,2e-06,0,22981
1533,1,53,0.440743,2e-06,0,22981
1534,1,53,0.440741,2e-06,0,22981
1535,1,53,0.440739,2e-06,0,22981
1536,1,53,0.440737,2e-06,0,22981
1537,1,53,0.440735,2e-06,0,22981
1538,1,53,0.440733,2e-06,0,22981
1539,1,53,0.440731,2e-06,0,22981
1540,1,53,0.440729,2e-06,0,22981
1541,1,53,0.440727,2e-06,0,22981
1542,1,53,0.440725,2e-06,0,22981
1543,1,53,0.440723,2e-06,0,22981
1544,1,53,0.440721,2e-06,0,22981
1545,1,53,0.440719,2e-06,0,22981
1546,1,53,0.440717,2e-06,0,22981
1547,1,53,0.440715,2e-06,0,22981
1548,1,53,0.440713,2e-06,0,22981
1549,1,53,0.440711,2e-06,0,22981
1550,1,53,0.440709,2e-06,0,22981
1551,1,53,0.440707,2e-06,0,22981
1552,1,53,0.440705,2e-06,0,22981
1553,1,53,0.440703,2e-06,0,22981
1554,1,53,0.440701,2e-06,0,22981
1555,1,53,0.440699,2e-06,0,22981
1556,1,53,0.440697,2e-06,0,22981
1557,1,53,0.440695,2e-06,0,22981
1558,1,53,0.440693,2e-06,0,22981
1559,1,53,0.440691,2e-06,0,22981
1560,1,53,0.440689,2e-06,0,22981
1561,1,53,0.440687,2e-06,0,22981
1562,1,53,0.440685,2e-06,0,22981
1563,1,53,0.440683,2e-06,0,22981
1564,1,53,0.440681,2e-06,0,22981
1565,1,53,0.440679,2e-06,0,22981
1566,1,53,0.440677,2e-06,0,22981
1567,1,53,0.440675,2e-06,0,22981
1568,1,53,0.440673,2e-06,0,22981
1569,1,53,0.440671,2e-06,0,22981
1570,1,53,0.440669,2e-06,0,22981
1571,1,53,0.440667,2e-06,0,22981
1572,1,53,0.440665,2e-06,0,22981
1573,1,53,0.440663,2e-06,0,22981
1574,1,53,0.440661,2e-06,0,22981
1575,1,53,0.440659,2e-06,0,22981
1576,1,53,0.440657,2e-06,0,22981
1577,1,53,0.440655,2e-06,0,22981
1578,1,53,0.440653,2e-06,0,22981
1579,1,53,0.440651,2e-06,0,22981
1580,1,53,0.440649,2e-06,0,22981
1581,1,53,0.440647,2e-06,0,22981
1582,1,53,0.440645,2e-06,0,22981
1583,1,53,0.440643,2e-06,0,22981
1584,1,53,0.440641,2e-06,0,22981
1585,1,53,0.440639,2e-06,0,22981
1586,1,53,0.440637,2e-06,0,22981
1587,1,53,0.440635,2e-06,0,22981
1588,1,53,0.440633,2e-06,0,22981
1589,1,53,0.440631,2e-06,0,22981
1590,1,53,0.440629,2e-06,0,22981
1591,1,53,0.440627,2e-06,0,22981
1592,1,53,0.440625,2e-06,0,22981
1593,1,53,0.440623,2e-06,0,22981
1594,1,53,0.440621,2e-06,0,22981
1595,1,53,0.440619,2e-06,0,22981
1596,1,53,0.440617,2e-06,0,22981
1597,1,53,0.440615,2e-06,0,22981
1598,1,53,0.440613,2e-06,0,22981
1599,1,53,0.440611,2e-06,0,22981
1600,1,53,0.440609,2e-06,0,22981
1601,1,53,0.440607,2e-06,0,22981
1602,1,53,0.440605,2e-06,0,22981
1603,1,53,0.440603,2e-06,0,22981
1604,1,53,0.440601,2e-06,0,22981
1605,1,53,0.440599,2e-06,0,22981
1606,1,53,0.440597,2e-06,0,22981
1607,1,53,0.440595,2e-06,0,22981
1608,1,53,0.440593,2e-06,0,22981
1609,1,53,0.440591,2e-06,0,22981
1610,1,53,0.440589,2e-06,0,22981
1611,1,53,0.440587,2e-06,0,22981
1612,1,53,0.440585,2e-06,0,22981
1613,1,53,0.440583,2e-06,0,22981
1614,1,53,0.440581,2e-06,0,22981
1615,1,53,0.440579,2e-06,0,22981
1616,1,53,0.440577,2e-06,0,22981
1617,1,53,0.440575,2e-06,0,22981
1618,1,53,0.440573,2e-06,0,22981
1619,1,53,0.440571,2e-06,0,22981
1620,1,53,0.440569,2e-06,0,22981
1621,1,53,0.440567,2e-06,0,22981
1622,1,53,0.440565,2e-06,0,22981
1623,1,53,0.440563,2e-06,0,22981
1624,1,53,0.440561,2e-06,0,22981
1625,1,53,0.440559,2e-06,0,22981
1626,1,53,0.440557,2e-06,0,22981
1627,1,53,0.440555,2e-06,0,22981
1628,1,53,0.440553,2e-06,0,22981
1629,1,53,0.440551,2e-06,0,22981
1630,1,53,0.440549,2e-06,0,22981
1631,1,53,0.440547,2e-06,0,22981
1632,1,53,0.440545,2e-06,0,22981
1633,1,53,0.440543,2e-06,0,22981
1634,1,53,0.440541,2e-06,0,22981
1635,1,53,0.440539,2e-06,0,22981
1636,1,53,0.440537,2e-06,0,22981
1637,1,53,0.440535,2e-06,0,22981
1638,1,53,0.440533,2e-06,0,22981
1639,1,53,0.440531,2e-06,0,22981
1640,1,53,0.440529,2e-06,0,22981
1641,1,53,0.440527,2e-06,0,22981
1642,1,53,0.440525,2e-06,0,22981
1643,1,53,0.440523,2e-06,0,22981
1644,1,53,0.440521,2e-06,0,22981
1645,1,53,0.440519,2e-06,0,22981
1646,1,53,0.440517,2e-06,0,22981
1647,1,53,0.440515,2e-06,0,22981
1648,1,53,0.440513,2e-06,0,22981
1649,1,53,0.440511,2e-06,0,22981
1650,1,53,0.440509,2e-06,0,22981
1651,1,53,0.440507,2e-06,0,22981
1652,1,53,0.440505,2e-06,0,22981
1653,1,53,0.440503,2e-06,0,22981
1654,1,53,0.440501,2e-06,0,22981
1655,1,53,0.440499,2e-06,0,22981
1656,1,53,0.440497,2e-06,0,22981
1657,1,53,0.440495,2e-06,0,22981
1658,1,53,0.440493,2e-06,0,22981
1659,1,53,0.440491,2e-06,0,22981
1660,1,53,0.440489,2e-06,0,22981
1661,1,53,0.440487,2e-06,0,22981
1662,1,53,0.440485,2e-06,0,22981
1663,1,53,0.440483,2e-06,0,22981
1664,1,53,0.440481,2e-06,0,22981
1665,1,53,0.440479,2e-06,0,22981
1666,1,53,0.440477,2e-06,0,22981
1667,1,53,0.440475,2e-06,0,22981
1668,1,53,0.440473,2e-06,0,22981
1669,1,53,0.440471,2e-06,0,22981
1670,1,53,0.440469,2e-06,0,22981
1671,1,53,0.440467,2e-06,0,22981
1672,1,53,0.440465,2e-06,0,22981
1673,1,53,0.440463,2e-06,0,22981
1674,1,53,0.440461,2e-06,0,22981
1675,1,53,0.440459,2e-06,0,22981
1676,1,53,0.440457,2e-06,0,22981
1677,1,53,0.440455,2e-06,0,22981
1678,1,53,0.440453,2e-06,0,22981
1679,1,53,0.440451,2e-06,0,22981
1680,1,53,0.440449,2e-06,0,22981
1681,1,53,0.440447,2e-06,0,22981
1682,1,53,0.440445,2e-06,0,22981
1683,1,53,0.440443,2e-06,0,22981
1684,1,53,0.440441,2e-06,0,22981
1685,1,53,0.440439,2e-06,0,22981
1686,1,53,0.440437,2e-06,0,22981
1687,1,53,0.440435,2e-06,0,22981
1688,1,53,0.440433,2e-06,0,22981
1689,1,53,0.440431,2e-06,0,22981
1690,1,53,0.440429,2e-06,0,22981
1691,1,53,0.440427,2e-06,0,22981
1692,1,53,0.440425,2e-06,0,22981
1693,1,53,0.440423,2e-06,0,22981
1694,1,53,0.440421,2e-06,0,22981
1695,1,53,0.440419,2e-06,0,22981
1696,1,53,0.440417,2e-06,0,22981
1697,1,53,0.440415,2e-06,0,22981
1698,1,53,0.440413,2e-06,0,22981
1699,1,53,0.440411,2e-06,0,22981
1700,1,53,0.440409,2e-06,0,22981
1701,1,53,0.440407,2e-06,0,22981
1702,1,53,0.440405,2e-06,0,22981
1703,1,53,0.440403,2e-06,0,22981
1704,1,53,0.440401,2e-06,0,22981
1705,1,53,0.440399,2e-06,0,22981
1706,1,53,0.440397,2e-06,0,22981
1707,1,53,0.440395,2e-06,0,22981
1708,1,53,0.440393,2e-06,0,22981
1709,1,53,0.440391,2e-06,0,22981
1710,1,53,0.440389,2e-06,0,22981
1711,1,53,0.440387,2e-06,0,22981
1712,1,53,0.440385,2e-06,0,22981
1713,1,53,0.440383,2e-06,0,22981
1714,1,53,0.433069,0.007314,1,22982
1715,1,53,0.433067,2e-06,0,22982
1716,1,53,0.433065,2e-06,0,22982
1717,1,53,0.433063,2e-06,0,22982
1718,1,53,0.433061,2e-06,0,22982
1719,1,53,0.433059,2e-06,0,22982
1720,1,53,0.433057,2e-06,0,22982
1721,1,53,0.433055,2e-06,0,22982
1722,1,53,0.433053,2e-06,0,22982
1723,1,53,0.433051,2e-06,0,22982
1724,1,53,0.433049,2e-06,0,22982
1725,1,53,0.433047,2e-06,0,22982
1726,1,53,0.433045,2e-06,0,22982
1727,1,53,0.433043,2e-06,0,22982
1728,1,53,0.433041,2e-06,0,22982
1729,1,53,0.433039,2e-06,0,22982
1730,1,53,0.433037,2e-06,0,22982
1731,1,53,0.433035,2e-06,0,22982
1732,1,53,0.433033,2e-06,0,22982
1733,1,53,0.433031,2e-06,0,22982
1734,1,53,0.433029,2e-06,0,22982
1735,1,53,0.433027,2e-06,0,22982
1736,1,53,0.433025,2e-06,0,22982
1737,1,53,0.433023,2e-06,0,22982
1738,1,53,0.433021,2e-06,0,22982
1739,1,53,0.433019,2e-06,0,22982
1740,1,53,0.433017,2e-06,0,22982
1741,1,53,0.433015,2e-06,0,22982
1742,1,53,0.433013,2e-06,0,22982
1743,1,53,0.433011,2e-06,0,22982
1744,1,53,0.433009,2e-06,0,22982
1745,1,53,0.433007,2e-06,0,22982
1746,1,53,0.433005,2e-06,0,22982
1747,1,53,0.433003,2e-06,0,22982
1748,1,53,0.433001,2e-06,0,22982
1749,1,53,0.432999,2e-06,0,22982
1750,1,53,0.432997,2e-06,0,22982
1751,1,53,0.432995,2e-06,0,22982
1752,1,53,0.432993,2e-06,0,22982
1753,1,53,0.432991,2e-06,0,22982
1754,1,53,0.432989,2e-06,0,22982
1755,1,53,0.432987,2e-06,0,22982
1756,1,53,0.432985,2e-06,0,22982
1757,1,53,0.432983,2e-06,0,22982
1758,1,53,0.432981,2e-06,0,22982
1759,1,53,0.432979,2e-06,0,22982
1760,1,53,0.432977,2e-06,0,22982
1761,1,53,0.432975,2e-06,0,22982
1762,1,53,0.432973,2e-06,0,22982
1763,1,53,0.432971,2e-06,0,22982
1764,1,53,0.432969,2e-06,0,22982
1765,1,53,0.432967,2e-06,0,22982
1766,1,53,0.432965,2e-06,0,22982
1767,1,53,0.432963,2e-06,0,22982
1768,1,53,0.432961,2e-06,0,22982
1769,1,53,0.432959,2e-06,0,22982
1770,1,53,0.432957,2e-06,0,22982
1771,1,53,0.432955,2e-06,0,22982
1772,1,53,0.432953,2e-06,0,22982
1773,1,53,0.432951,2e-06,0,22982
1774,1,53,0.432949,2e-06,0,22982
1775,1,53,0.432947,2e-06,0,22982
1776,1,53,0.432945,2e-06,0,22982
1777,1,53,0.432943,2e-06,0,22982
1778,1,53,0.432941,2e-06,0,22982
1779,1,53,0.432939,2e-06,0,22982
1780,1,53,0.432937,2e-06,0,22982
1781,1,53,0.432935,2e-06,0,22982
1782,1,53,0.432933,2e-06,0,22982
1783,1,53,0.432931,2e-06,0,22982
1784,1,53,0.432929,2e-06,0,22982
1785,1,53,0.432927,2e-06,0,22982
1786,1,53,0.432925,2e-06,0,22982
1787,1,53,0.432923,2e-06,0,22982
1788,1,53,0.432921,2e-06,0,22982
1789,1,53,0.432919,2e-06,0,22982
1790,1,53,0.432917,2e-06,0,22982
1791,1,53,0.432915,2e-06,0,22982
1792,1,53,0.432913,2e-06,0,22982
1793,1,53,0.432911,2e-06,0,22982
1794,1,53,0.432909,2e-06,0,22982
1795,1,53,0.432907,2e-06,0,22982
1796,1,53,0.432905,2e-06,0,22982
1797,1,53,0.432903,2e-06,0,22982
1798,1,53,0.432901,2e-06,0,22982
1799,1,53,0.432899,2e-06,0,22982
1800,1,53,0.432897,2e-06,0,22982
1801,1,53,0.432895,2e-06,0,22982
1802,1,53,0.432893,2e-06,0,22982
1803,1,53,0.432891,2e-06,0,22982
1804,1,53,0.432889,2e-06,0,22982
1805,1,53,0.432887,2e-06,0,22982
1806,1,53,0.432885,2e-06,0,22982
1807,1,53,0.432883,2e-06,0,22982
1808,1,53,0.432881,2e-06,0,22982
1809,1,53,0.432879,2e-06,0,22982
1810,1,53,0.432877,2e-06,0,22982
1811,1,53,0.432875,2e-06,0,22982
1812,1,53,0.432873,2e-06,0,22982
1813,1,53,0.432871,2e-06,0,22982
1814,1,53,0.432869,2e-06,0,22982
1815,1,53,0.432867,2e-06,0,22982
1816,1,53,0.432865,2e-06,0,22982
1817,1,53,0.432863,2e-06,0,22982
1818,1,53,0.432861,2e-06,0,22982
1819,1,53,0.432859,2e-06,0,22982
1820,1,53,0.432857,2e-06,0,22982
1821,1,53,0.432855,2e-06,0,22982
1822,1,53,0.432853,2e-06,0,22982
1823,1,53,0.432851,2e-06,0,22982
1824,1,53,0.432849,2e-06,0,22982
1825,1,53,0.432847,2e-06,0,22982
1826,1,53,0.432845,2e-06,0,22982
1827,1,53,0.432843,2e-06,0,22982
1828,1,53,0.432841,2e-06,0,22982
1829,1,53,0.432839,2e-06,0,22982
1830,1,53,0.432837,2e-06,0,22982
1831,1,53,0.432835,2e-06,0,22982
1832,1,53,0.432833,2e-06,0,22982
1833,1,53,0.432831,2e-06,0,22982
1834,1,53,0.432829,2e-06,0,22982
1835,1,53,0.432827,2e-06,0,22982
1836,1,53,0.432825,2e-06,0,22982
1837,1,53,0.432823,2e-06,0,22982
1838,1,53,0.432821,2e-06,0,22982
1839,1,53,0.432819,2e-06,0,22982
1840,1,53,0.432817,2e-06,0,22982
1841,1,53,0.432815,2e-06,0,22982
1842,1,53,0.432813,2e-06,0,22982
1843,1,53,0.432811,2e-06,0,22982
1844,1,53,0.432809,2e-06,0,22982
1845,1,53,0.432807,2e-06,0,22982
1846,1,53,0.432805,2e-06,0,22982
1847,1,53,0.432803,2e-06,0,22982
1848,1,53,0.432801,2e-06,0,22982
1849,1,53,0.432799,2e-06,0,22982
1850,1,53,0.432797,2e-06,0,22982
1851,1,53,0.432795,2e-06,0,22982
1852,1,53,0.432793,2e-06,0,22982
1853,1,53,0.432791,2e-06,0,22982
1854,1,53,0.432789,2e-06,0,22982
1855,1,53,0.432787,2e-06,0,22982
1856,1,53,0.432785,2e-06,0,22982
1857,1,53,0.432783,2e-06,0,22982
1858,1,53,0.432781,2e-06,0,22982
1859,1,53,0.432779,2e-06,0,22982
1860,1,53,0.432777,2e-06,0,22982
1861,1,53,0.432775,2e-06,0,22982
1862,1,53,0.432773,2e-06,0,22982
1863,1,53,0.432771,2e-06,0,22982
1864,1,53,0.432769,2e-06,0,22982
1865,1,53,0.432767,2e-06,0,22982
1866,1,53,0.425453,0.007314,1,22983
1867,1,53,0.425451,2e-06,0,22983
1868,1,53,0.425449,2e-06,0,22983
1869,1,53,0.425447,2e-06,0,22983
1870,1,53,0.425445,2e-06,0,22983
1871,1,53,0.425443,2e-06,0,22983
1872,1,53,0.425441,2e-06,0,22983
1873,1,53,0.425439,2e-06,0,22983
1874,1,53,0.425437,2e-06,0,22983
1875,1,53,0.425435,2e-06,0,22983
1876,1,53,0.425433,2e-06,0,22983
1877,1,53,0.425431,2e-06,0,22983
1878,1,53,0.425429,2e-06,0,22983
1879,1,53,0.425427,2e-06,0,22983
1880,1,53,0.425425,2e-06,0,22983
1881,1,53,0.425423,2e-06,0,22983
1882,1,53,0.425421,2e-06,0,22983
1883,1,53,0.425419,2e-06,0,22983
1884,1,53,0.425417,2e-06,0,22983
1885,1,53,0.425415,2e-06,0,22983
1886,1,53,0.425413,2e-06,0,22983
1887,1,53,0.425411,2e-06,0,22983
1888,1,53,0.425409,2e-06,0,22983
1889,1,53,0.425407,2e-06,0,22983
1890,1,53,0.425405,2e-06,0,22983
1891,1,53,0.425403,2e-06,0,22983
1892,1,53,0.425401,2e-06,0,22983
1893,1,53,0.425399,2e-06,0,22983
1894,1,53,0.425397,2e-06,0,22983
1895,1,53,0.425395,2e-06,0,22983
1896,1,53,0.425393,2e-06,0,22983
1897,1,53,0.425391,2e-06,0,22983
1898,1,53,0.425389,2e-06,0,22983
1899,1,53,0.425387,2e-06,0,22983
1900,1,53,0.425385,2e-06,0,22983
1901,1,53,0.425383,2e-06,0,22983
1902,1,53,0.425381,2e-06,0,22983
1903,1,53,0.425379,2e-06,0,22983
1904,1,53,0.425377,2e-06,0,22983
1905,1,53,0.425375,2e-06,0,22983
1906,1,53,0.425373,2e-06,0,22983
1907,1,53,0.425371,2e-06,0,22983
1908,1,53,0.425369,2e-06,0,22983
1909,1,53,0.425367,2e-06,0,22983
1910,1,53,0.425365,2e-06,0,22983
1911,1,53,0.425363,2e-06,0,22983
1912,1,53,0.425361,2e-06,0,22983
1913,1,53,0.425359,2e-06,0,22983
1914,1,53,0.425357,2e-06,0,22983
1915,1,53,0.425355,2e-06,0,22983
1916,1,53,0.425353,2e-06,0,22983
1917,1,53,0.425351,2e-06,0,22983
1918,1,53,0.418037,0.007314,1,22984
1919,1,53,0.418035,2e-06,0,22984
1920,1,53,0.418033,2e-06,0,22984
1921,1,53,0.418031,2e-06,0,22984
1922,1,53,0.418029,2e-06,0,22984
1923,1,53,0.418027,2e-06,0,22984
1924,1,53,0.418025,2e-06,0,22984
1925,1,53,0.418023,2e-06,0,22984
1926,1,53,0.418021,2e-06,0,22984
1927,1,53,0.418019,2e-06,0,22984
1928,1,53,0.418017,2e-06,0,22984
1929,1,53,0.418015,2e-06,0,22984
1930,1,53,0.418013,2e-06,0,22984
1931,1,53,0.418011,2e-06,0,22984
1932,1,53,0.418009,2e-06,0,22984
1933,1,53,0.418007,2e-06,0,22984
1934,1,53,0.418005,2e-06,0,22984
1935,1,53,0.418003,2e-06,0,22984
1936,1,53,0.418001,2e-06,0,22984
1937,1,53,0.417999,2e-06,0,22984
1938,1,53,0.417997,2e-06,0,22984
1939,1,53,0.417995,2e-06,0,22984
1940,1,53,0.417993,2e-06,0,22984
1941,1,53,0.417991,2e-06,0,22984
1942,1,53,0.417989,2e-06,0,22984
1943,1,53,0.417987,2e-06,0,22984
1944,1,53,0.417985,2e-06,0,22984
1945,1,53,0.417983,2e-06,0,22984
1946,1,53,0.417981,2e-06,0,22984
1947,1,53,0.417979,2e-06,0,22984
1948,1,53,0.417977,2e-06,0,22984
1949,1,53,0.417975,2e-06,0,22984
1950,1,53,0.417973,2e-06,0,22984
1951,1,53,0.417971,2e-06,0,22984
1952,1,53,0.417969,2e-06,0,22984
1953,1,53,0.417967,2e-06,0,22984
1954,1,53,0.417965,2e-06,0,22984
1955,1,53,0.417963,2e-06,0,22984
1956,1,53,0.417961,2e-06,0,22984
1957,1,53,0.417959,2e-06,0,22984
1958,1,53,0.417957,2e-06,0,22984
1959,1,53,0.417955,2e-06,0,22984
1960,1,53,0.417953,2e-06,0,22984
1961,1,53,0.417951,2e-06,0,22984
1962,1,53,0.417949,2e-06,0,22984
1963,1,53,0.417947,2e-06,0,22984
1964,1,53,0.417945,2e-06,0,22984
1965,1,53,0.417943,2e-06,0,22984
1966,1,53,0.417941,2e-06,0,22984
1967,1,53,0.417939,2e-06,0,22984
1968,1,53,0.417937,2e-06,0,22984
1969,1,53,0.417935,2e-06,0,22984
1970,1,53,0.417933,2e-06,0,22984
1971,1,53,0.417931,2e-06,0,22984
1972,1,53,0.417929,2e-06,0,22984
1973,1,53,0.417927,2e-06,0,22984
1974,1,53,0.417925,2e-06,0,22984
1975,1,53,0.417923,2e-06,0,22984
1976,1,53,0.417921,2e-06,0,22984
1977,1,53,0.417919,2e-06,0,22984
1978,1,53,0.417917,2e-06,0,22984
1979,1,53,0.417915,2e-06,0,22984
1980,1,53,0.417913,2e-06,0,22984
1981,1,53,0.417911,2e-06,0,22984
1982,1,53,0.417909,2e-06,0,22984
1983,1,53,0.417907,2e-06,0,22984
1984,1,53,0.417905,2e-06,0,22984
1985,1,53,0.417903,2e-06,0,22984
1986,1,53,0.417901,2e-06,0,22984
1987,1,53,0.417899,2e-06,0,22984
1988,1,53,0.417897,2e-06,0,22984
1989,1,53,0.417895,2e-06,0,22984
1990,1,53,0.417893,2e-06,0,22984
1991,1,53,0.417891,2e-06,0,22984
1992,1,53,0.417889,2e-06,0,22984
1993,1,53,0.417887,2e-06,0,22984
1994,1,53,0.417885,2e-06,0,22984
1995,1,53,0.417883,2e-06,0,22984
1996,1,53,0.417881,2e-06,0,22984
1997,1,53,0.417879,2e-06,0,22984
1998,1,53,0.417877,2e-06,0,22984
1999,1,53,0.417875,2e-06,0,22984
2000,1,53,0.417873,2e-06,0,22984
